Port,Year,Week,Month,count_entrance,numofcall,avgservice_time,avgwaiting_time,ma4_count_entrance,ma4_numofcall,ma4_avgservice_time,ma4_avgwaiting_time,ma8_count_entrance,ma8_numofcall,ma8_avgservice_time,ma8_avgwaiting_time,ma12_count_entrance,ma12_numofcall,ma12_avgservice_time,ma12_avgwaiting_time,count_entrance_feeder,numofcall_feeder,avgservice_time_feed,avgwaiting_time_feed,ma4_count_entrance_feeder,ma4_numofcall_feeder,ma4_avgservice_time_feeder,ma4_avgwaiting_time_feeder,ma8_count_entrance_feeder,ma8_numofcall_feeder,ma8_avgservice_time_feeder,ma8_avgwaiting_time_feeder,ma12_count_entrance_feeder,ma12_numofcall_feeder,ma12_avgservice_time_feeder,ma12_avgwaiting_time_feeder,count_entrance_intermediate,numofcall_intermediate,avgservice_time_intermediate,avgwaiting_time_intermediate,ma4_count_entrance_intermediate,ma4_numofcall_intermediate,ma4_avgservice_time_intermediate,ma4_avgwaiting_time_intermediate,ma8_count_entrance_intermediate,ma8_numofcall_intermediate,ma8_avgservice_time_intermediate,ma8_avgwaiting_time_intermediate,ma12_count_entrance_intermediate,ma12_numofcall_intermediate,ma12_avgservice_time_intermediate,ma12_avgwaiting_time_intermediate,count_entrance_neopanamax,numofcall_neopanamax,avgservice_time_neopanamax,avgwaiting_time_neopanamax,ma4_count_entrance_neopanamax,ma4_numofcall_neopanamax,ma4_avgservice_time_neopanamax,ma4_avgwaiting_time_neopanamax,ma8_count_entrance_neopanamax,ma8_numofcall_neopanamax,ma8_avgservice_time_neopanamax,ma8_avgwaiting_time_neopanamax,ma12_count_entrance_neopanamax,ma12_numofcall_neopanamax,ma12_avgservice_time_neopanamax,ma12_avgwaiting_time_neopanamax,share_neopan,country,t,period_label,is_disruption,share_entrance_feeder,share_entrance_intermediate,share_entrance_neopanamax
Singapore,2019.0,1.0,1.0,383.0,492.0,46.0,17.0,,,,,,,,,,,,,182.0,230.0,74.0,29.0,,,,,,,,,,,,,121.0,167.0,20,7.0,,,,,,,,,,,,,80.0,95.0,21.99224653,2.01096875,,,,,,,,,,,,,19.0,Singapore,0,2019-W01,False,0.4751958224543081,0.31592689295039167,0.20887728459530025
Singapore,2019.0,2.0,1.0,291.0,394.0,20.0,8.0,,,,,,,,,,,,,129.0,185.0,19.0,14.0,,,,,,,,,,,,,90.0,122.0,19,5.0,,,,,,,,,,,,,72.0,87.0,22.65312886,1.411122685,,,,,,,,,,,,,22.0,Singapore,1,2019-W02,False,0.44329896907216493,0.30927835051546393,0.24742268041237114
Singapore,2019.0,3.0,1.0,304.0,398.0,20.0,12.0,,,,,,,,,,,,,130.0,185.0,21.0,9.0,,,,,,,,,,,,,103.0,131.0,19,22.0,,,,,,,,,,,,,71.0,82.0,21.74362285,2.446967919,,,,,,,,,,,,,21.0,Singapore,2,2019-W03,False,0.4276315789473684,0.33881578947368424,0.23355263157894737
Singapore,2019.0,4.0,1.0,281.0,378.0,20.0,5.0,315.0,416.0,27.0,10.0,,,,,,,,,126.0,174.0,20.0,6.0,142.0,194.0,33.0,15.0,,,,,,,,,95.0,131.0,19,6.0,102.0,138.0,19.0,10.0,,,,,,,,,60.0,73.0,21.4782963,2.184069444,71.0,84.0,22.0,2.0,,,,,,,,,19.0,Singapore,3,2019-W04,False,0.4483985765124555,0.33807829181494664,0.21352313167259787
Singapore,2019.0,5.0,1.0,280.0,379.0,21.0,14.0,289.0,387.0,20.0,10.0,,,,,,,,,134.0,186.0,20.0,25.0,130.0,183.0,20.0,14.0,,,,,,,,,78.0,114.0,20,6.0,92.0,125.0,19.0,10.0,,,,,,,,,68.0,79.0,23.38602533,1.435874183,68.0,80.0,22.0,2.0,,,,,,,,,21.0,Singapore,4,2019-W05,False,0.4785714285714286,0.2785714285714286,0.24285714285714285
Singapore,2019.0,6.0,2.0,294.0,399.0,21.0,10.0,290.0,389.0,20.0,10.0,,,,,,,,,141.0,199.0,19.0,13.0,133.0,186.0,20.0,13.0,,,,,,,,,90.0,121.0,20,10.0,92.0,124.0,20.0,11.0,,,,,,,,,63.0,79.0,24.31222222,2.563492063,66.0,78.0,23.0,2.0,,,,,,,,,20.0,Singapore,5,2019-W06,False,0.47959183673469385,0.30612244897959184,0.21428571428571427
Singapore,2019.0,7.0,2.0,301.0,415.0,24.0,21.0,289.0,393.0,21.0,12.0,,,,,,,,,126.0,196.0,20.0,15.0,132.0,189.0,20.0,15.0,,,,,,,,,95.0,128.0,22,37.0,90.0,124.0,20.0,15.0,,,,,,,,,80.0,91.0,32.51491667,10.35256597,68.0,81.0,25.0,4.0,,,,,,,,,22.0,Singapore,6,2019-W07,False,0.4186046511627907,0.31561461794019935,0.26578073089701
Singapore,2019.0,8.0,2.0,260.0,382.0,29.0,10.0,284.0,394.0,23.0,14.0,299.0,405.0,25.0,12.0,,,,,125.0,191.0,34.0,14.0,132.0,193.0,23.0,17.0,137.0,193.0,28.0,16.0,,,,,80.0,118.0,22,11.0,86.0,120.0,21.0,16.0,94.0,129.0,20.0,13.0,,,,,55.0,73.0,27.01926768,2.272535354,67.0,81.0,27.0,4.0,69.0,82.0,24.0,3.0,,,,,19.0,Singapore,7,2019-W08,False,0.4807692307692308,0.3076923076923077,0.21153846153846154
Singapore,2019.0,9.0,2.0,281.0,385.0,22.0,9.0,284.0,395.0,24.0,13.0,287.0,391.0,22.0,11.0,,,,,133.0,198.0,20.0,10.0,131.0,196.0,23.0,13.0,131.0,189.0,22.0,13.0,,,,,83.0,108.0,22,13.0,87.0,119.0,21.0,18.0,89.0,122.0,20.0,14.0,,,,,65.0,79.0,25.99951709,3.189675214,66.0,81.0,27.0,5.0,67.0,80.0,25.0,3.0,,,,,21.0,Singapore,8,2019-W09,False,0.47330960854092524,0.29537366548042704,0.2313167259786477
Singapore,2019.0,10.0,3.0,283.0,402.0,22.0,9.0,281.0,396.0,24.0,12.0,286.0,392.0,22.0,11.0,,,,,125.0,187.0,20.0,5.0,127.0,193.0,24.0,11.0,130.0,190.0,22.0,12.0,,,,,95.0,132.0,21,17.0,88.0,122.0,22.0,19.0,90.0,123.0,21.0,15.0,,,,,63.0,83.0,26.19094356,3.574016755,66.0,82.0,28.0,5.0,66.0,80.0,25.0,4.0,,,,,21.0,Singapore,9,2019-W10,False,0.4416961130742049,0.33568904593639576,0.2226148409893993
Singapore,2019.0,11.0,3.0,294.0,406.0,21.0,6.0,280.0,394.0,23.0,9.0,284.0,393.0,22.0,10.0,,,,,138.0,194.0,20.0,9.0,130.0,193.0,24.0,9.0,131.0,191.0,22.0,12.0,,,,,92.0,133.0,22,5.0,88.0,123.0,22.0,11.0,89.0,123.0,21.0,13.0,,,,,64.0,79.0,23.50996528,1.261749132,62.0,79.0,26.0,3.0,65.0,80.0,26.0,3.0,,,,,19.0,Singapore,10,2019-W11,False,0.46938775510204084,0.3129251700680272,0.21768707482993196
Singapore,2019.0,12.0,3.0,299.0,399.0,21.0,6.0,289.0,398.0,22.0,8.0,287.0,396.0,23.0,11.0,296.0,402.0,24.0,11.0,142.0,191.0,19.0,10.0,135.0,193.0,20.0,8.0,133.0,193.0,22.0,13.0,136.0,193.0,26.0,13.0,86.0,125.0,21,4.0,89.0,125.0,21.0,10.0,87.0,122.0,21.0,13.0,92.0,128.0,20.0,12.0,71.0,83.0,24.46909624,1.984773083,66.0,81.0,25.0,3.0,66.0,81.0,26.0,3.0,68.0,82.0,25.0,3.0,21.0,Singapore,11,2019-W12,False,0.47491638795986624,0.28762541806020064,0.23745819397993312
Singapore,2019.0,13.0,3.0,297.0,402.0,22.0,7.0,293.0,402.0,22.0,7.0,289.0,399.0,23.0,10.0,289.0,395.0,22.0,10.0,131.0,190.0,21.0,10.0,134.0,191.0,20.0,8.0,133.0,193.0,22.0,11.0,132.0,190.0,21.0,12.0,91.0,125.0,21,4.0,91.0,129.0,21.0,8.0,89.0,124.0,21.0,13.0,90.0,124.0,21.0,12.0,75.0,87.0,24.44403333,3.605511111,68.0,83.0,25.0,3.0,67.0,82.0,26.0,4.0,67.0,81.0,25.0,3.0,22.0,Singapore,12,2019-W13,False,0.44107744107744107,0.3063973063973064,0.25252525252525254
Singapore,2019.0,14.0,4.0,288.0,405.0,21.0,7.0,295.0,403.0,21.0,7.0,288.0,400.0,23.0,9.0,289.0,396.0,22.0,10.0,128.0,185.0,19.0,6.0,135.0,190.0,20.0,9.0,131.0,192.0,22.0,10.0,132.0,190.0,21.0,11.0,94.0,133.0,20,13.0,91.0,129.0,21.0,6.0,90.0,125.0,21.0,13.0,90.0,125.0,21.0,12.0,66.0,87.0,24.85294192,1.217470539,69.0,84.0,24.0,2.0,67.0,83.0,26.0,3.0,67.0,81.0,25.0,3.0,21.0,Singapore,13,2019-W14,False,0.4444444444444444,0.3263888888888889,0.22916666666666666
Singapore,2019.0,15.0,4.0,287.0,390.0,21.0,7.0,293.0,399.0,21.0,7.0,286.0,396.0,22.0,8.0,287.0,395.0,22.0,9.0,120.0,170.0,20.0,11.0,130.0,184.0,20.0,9.0,130.0,188.0,22.0,9.0,131.0,188.0,21.0,11.0,97.0,132.0,21,6.0,92.0,129.0,21.0,7.0,90.0,126.0,21.0,9.0,90.0,125.0,21.0,11.0,70.0,88.0,23.98877381,2.503349206,71.0,86.0,24.0,2.0,66.0,82.0,25.0,2.0,67.0,82.0,25.0,3.0,23.0,Singapore,14,2019-W15,False,0.4181184668989547,0.33797909407665505,0.24390243902439024
Singapore,2019.0,16.0,4.0,288.0,393.0,20.0,5.0,290.0,398.0,21.0,7.0,290.0,398.0,21.0,7.0,288.0,396.0,22.0,9.0,131.0,179.0,19.0,7.0,128.0,181.0,20.0,9.0,131.0,187.0,20.0,8.0,131.0,189.0,21.0,11.0,91.0,131.0,19,6.0,93.0,130.0,20.0,7.0,91.0,127.0,21.0,8.0,89.0,125.0,21.0,11.0,66.0,83.0,22.57654461,2.256872896,69.0,86.0,24.0,2.0,68.0,84.0,25.0,2.0,67.0,83.0,25.0,3.0,21.0,Singapore,15,2019-W16,False,0.4548611111111111,0.3159722222222222,0.22916666666666666
Singapore,2019.0,17.0,4.0,286.0,388.0,20.0,7.0,287.0,394.0,21.0,7.0,290.0,398.0,21.0,7.0,288.0,397.0,22.0,9.0,124.0,179.0,19.0,9.0,126.0,178.0,19.0,8.0,130.0,184.0,20.0,8.0,130.0,188.0,21.0,10.0,94.0,127.0,20,8.0,94.0,131.0,20.0,8.0,93.0,130.0,21.0,8.0,91.0,126.0,21.0,11.0,68.0,82.0,23.55471405,2.148937908,68.0,85.0,24.0,2.0,68.0,84.0,24.0,2.0,67.0,83.0,25.0,3.0,21.0,Singapore,16,2019-W17,False,0.43356643356643354,0.32867132867132864,0.23776223776223776
Singapore,2019.0,18.0,5.0,286.0,381.0,21.0,6.0,287.0,388.0,21.0,6.0,291.0,396.0,21.0,6.0,288.0,396.0,22.0,8.0,122.0,175.0,19.0,8.0,124.0,176.0,19.0,9.0,130.0,183.0,20.0,9.0,129.0,186.0,21.0,9.0,103.0,136.0,20,4.0,96.0,132.0,20.0,6.0,94.0,130.0,21.0,6.0,92.0,127.0,21.0,11.0,61.0,70.0,25.00769126,3.439180328,66.0,81.0,24.0,3.0,68.0,82.0,24.0,2.0,67.0,82.0,25.0,3.0,18.0,Singapore,17,2019-W18,False,0.42657342657342656,0.36013986013986016,0.21328671328671328
Singapore,2019.0,19.0,5.0,291.0,387.0,21.0,8.0,288.0,387.0,21.0,7.0,290.0,393.0,21.0,7.0,287.0,393.0,22.0,7.0,124.0,173.0,19.0,12.0,125.0,177.0,19.0,9.0,128.0,180.0,20.0,9.0,129.0,184.0,21.0,9.0,91.0,125.0,21,6.0,95.0,130.0,20.0,6.0,93.0,129.0,20.0,6.0,91.0,127.0,21.0,8.0,76.0,89.0,25.3867617,4.313143275,68.0,81.0,24.0,3.0,69.0,84.0,24.0,3.0,67.0,82.0,25.0,3.0,23.0,Singapore,18,2019-W19,False,0.4261168384879725,0.3127147766323024,0.2611683848797251
Singapore,2019.0,20.0,5.0,289.0,395.0,22.0,5.0,288.0,388.0,21.0,6.0,289.0,393.0,21.0,6.0,289.0,394.0,21.0,7.0,121.0,179.0,21.0,7.0,123.0,177.0,19.0,9.0,125.0,179.0,20.0,9.0,128.0,183.0,20.0,9.0,98.0,131.0,21,4.0,97.0,130.0,21.0,6.0,95.0,130.0,21.0,6.0,93.0,128.0,21.0,7.0,70.0,85.0,24.30369048,1.692261905,69.0,82.0,25.0,3.0,69.0,84.0,24.0,3.0,68.0,83.0,25.0,3.0,22.0,Singapore,19,2019-W20,False,0.4186851211072664,0.3391003460207612,0.2422145328719723
Singapore,2019.0,21.0,5.0,297.0,400.0,21.0,9.0,291.0,391.0,21.0,7.0,289.0,392.0,21.0,7.0,290.0,396.0,21.0,7.0,136.0,185.0,20.0,14.0,126.0,178.0,20.0,10.0,126.0,178.0,19.0,9.0,129.0,182.0,20.0,9.0,100.0,137.0,20,7.0,98.0,132.0,21.0,5.0,96.0,132.0,20.0,7.0,94.0,131.0,21.0,7.0,61.0,78.0,24.7677459,2.211161202,67.0,81.0,25.0,3.0,67.0,83.0,24.0,2.0,68.0,83.0,24.0,3.0,20.0,Singapore,20,2019-W21,False,0.45791245791245794,0.3367003367003367,0.2053872053872054
Singapore,2019.0,22.0,5.0,294.0,393.0,21.0,15.0,293.0,394.0,21.0,9.0,290.0,391.0,21.0,8.0,291.0,395.0,21.0,7.0,129.0,179.0,19.0,26.0,128.0,179.0,20.0,15.0,126.0,177.0,19.0,12.0,129.0,182.0,20.0,11.0,94.0,131.0,21,9.0,96.0,131.0,21.0,7.0,96.0,131.0,20.0,6.0,94.0,131.0,21.0,6.0,71.0,83.0,25.33853286,1.994233177,70.0,84.0,25.0,3.0,68.0,82.0,24.0,3.0,68.0,83.0,24.0,2.0,21.0,Singapore,21,2019-W22,False,0.4387755102040816,0.3197278911564626,0.24149659863945577
Singapore,2019.0,23.0,6.0,286.0,397.0,21.0,9.0,292.0,396.0,21.0,9.0,290.0,392.0,21.0,8.0,291.0,394.0,21.0,8.0,120.0,180.0,20.0,13.0,127.0,181.0,20.0,15.0,126.0,179.0,19.0,12.0,127.0,180.0,20.0,11.0,101.0,136.0,21,8.0,98.0,134.0,21.0,7.0,97.0,132.0,20.0,7.0,95.0,131.0,21.0,7.0,65.0,81.0,24.65387179,1.345688034,67.0,82.0,25.0,2.0,67.0,81.0,24.0,2.0,68.0,83.0,24.0,2.0,20.0,Singapore,22,2019-W23,False,0.4195804195804196,0.3531468531468531,0.22727272727272727
Singapore,2019.0,24.0,6.0,273.0,388.0,21.0,5.0,288.0,395.0,21.0,10.0,288.0,391.0,21.0,8.0,289.0,393.0,21.0,8.0,118.0,174.0,20.0,7.0,126.0,180.0,20.0,15.0,124.0,178.0,19.0,12.0,125.0,179.0,20.0,11.0,85.0,131.0,19,5.0,95.0,134.0,20.0,7.0,96.0,132.0,20.0,6.0,95.0,131.0,20.0,7.0,70.0,83.0,23.94148016,1.668325397,67.0,81.0,25.0,2.0,68.0,81.0,25.0,2.0,68.0,83.0,24.0,2.0,21.0,Singapore,23,2019-W24,False,0.43223443223443225,0.31135531135531136,0.2564102564102564
Singapore,2019.0,25.0,6.0,276.0,380.0,21.0,6.0,282.0,390.0,21.0,9.0,287.0,390.0,21.0,8.0,287.0,391.0,21.0,7.0,118.0,175.0,19.0,8.0,121.0,177.0,19.0,14.0,124.0,178.0,19.0,12.0,124.0,178.0,19.0,11.0,98.0,133.0,21,6.0,95.0,133.0,20.0,7.0,96.0,133.0,21.0,6.0,96.0,132.0,20.0,7.0,60.0,72.0,23.90739352,2.408560185,67.0,80.0,24.0,2.0,67.0,80.0,25.0,2.0,67.0,82.0,24.0,2.0,19.0,Singapore,24,2019-W25,False,0.427536231884058,0.35507246376811596,0.21739130434782608
Singapore,2019.0,26.0,6.0,299.0,399.0,21.0,5.0,284.0,391.0,21.0,6.0,288.0,392.0,21.0,8.0,288.0,391.0,21.0,7.0,125.0,175.0,21.0,5.0,120.0,176.0,20.0,8.0,124.0,178.0,20.0,12.0,124.0,177.0,20.0,11.0,97.0,135.0,21,6.0,95.0,134.0,20.0,6.0,96.0,132.0,21.0,6.0,96.0,132.0,20.0,6.0,77.0,89.0,22.92296898,2.146226551,68.0,81.0,24.0,2.0,69.0,83.0,24.0,2.0,68.0,82.0,24.0,2.0,22.0,Singapore,25,2019-W26,False,0.4180602006688963,0.32441471571906355,0.25752508361204013
Singapore,2019.0,27.0,7.0,288.0,391.0,22.0,10.0,284.0,390.0,21.0,6.0,288.0,393.0,21.0,8.0,288.0,391.0,21.0,8.0,125.0,181.0,20.0,14.0,122.0,176.0,20.0,9.0,124.0,179.0,20.0,12.0,124.0,178.0,20.0,11.0,98.0,132.0,21,10.0,95.0,133.0,21.0,7.0,96.0,133.0,21.0,7.0,96.0,132.0,20.0,7.0,65.0,78.0,24.48397863,2.50541453,68.0,81.0,24.0,2.0,67.0,81.0,24.0,2.0,68.0,81.0,24.0,2.0,20.0,Singapore,26,2019-W27,False,0.4340277777777778,0.3402777777777778,0.22569444444444445
Singapore,2019.0,28.0,7.0,288.0,384.0,21.0,6.0,288.0,389.0,21.0,7.0,288.0,392.0,21.0,8.0,288.0,390.0,21.0,8.0,120.0,166.0,20.0,6.0,122.0,174.0,20.0,8.0,124.0,177.0,20.0,12.0,124.0,177.0,20.0,11.0,100.0,136.0,21,10.0,98.0,134.0,21.0,8.0,97.0,134.0,21.0,8.0,97.0,133.0,21.0,7.0,68.0,82.0,24.19216912,1.363566176,68.0,80.0,24.0,2.0,67.0,81.0,24.0,2.0,68.0,81.0,24.0,2.0,21.0,Singapore,27,2019-W28,False,0.4166666666666667,0.3472222222222222,0.2361111111111111
Singapore,2019.0,29.0,7.0,290.0,390.0,22.0,7.0,291.0,391.0,21.0,7.0,287.0,390.0,21.0,8.0,288.0,390.0,21.0,8.0,116.0,165.0,20.0,9.0,122.0,172.0,20.0,9.0,121.0,174.0,20.0,11.0,123.0,176.0,20.0,11.0,104.0,138.0,21,9.0,100.0,135.0,21.0,9.0,97.0,134.0,21.0,8.0,97.0,133.0,21.0,7.0,70.0,87.0,24.36621032,2.421503968,70.0,84.0,24.0,2.0,68.0,82.0,24.0,2.0,68.0,81.0,24.0,2.0,22.0,Singapore,28,2019-W29,False,0.4,0.3586206896551724,0.2413793103448276
Singapore,2019.0,30.0,7.0,294.0,386.0,22.0,6.0,290.0,388.0,22.0,7.0,287.0,389.0,21.0,7.0,289.0,391.0,21.0,8.0,127.0,172.0,20.0,7.0,122.0,171.0,20.0,9.0,121.0,174.0,20.0,9.0,123.0,175.0,20.0,11.0,103.0,137.0,21,7.0,101.0,136.0,21.0,9.0,98.0,135.0,21.0,8.0,97.0,134.0,21.0,7.0,64.0,77.0,25.90003906,1.66031684,67.0,81.0,25.0,2.0,67.0,81.0,24.0,2.0,68.0,82.0,25.0,2.0,20.0,Singapore,29,2019-W30,False,0.43197278911564624,0.35034013605442177,0.21768707482993196
Singapore,2019.0,31.0,7.0,277.0,368.0,23.0,6.0,287.0,382.0,22.0,6.0,286.0,386.0,21.0,6.0,288.0,389.0,21.0,7.0,119.0,164.0,21.0,6.0,121.0,167.0,20.0,7.0,121.0,172.0,20.0,8.0,123.0,175.0,20.0,10.0,99.0,134.0,23,8.0,102.0,136.0,21.0,8.0,98.0,135.0,21.0,8.0,98.0,134.0,21.0,7.0,59.0,70.0,25.41752354,1.475376648,65.0,79.0,25.0,2.0,67.0,80.0,24.0,2.0,67.0,80.0,25.0,2.0,19.0,Singapore,30,2019-W31,False,0.4296028880866426,0.3574007220216607,0.21299638989169675
Singapore,2019.0,32.0,8.0,298.0,393.0,22.0,5.0,290.0,384.0,22.0,6.0,289.0,386.0,22.0,6.0,288.0,389.0,21.0,7.0,115.0,165.0,21.0,7.0,119.0,167.0,21.0,7.0,121.0,170.0,20.0,8.0,122.0,173.0,20.0,10.0,106.0,138.0,22,6.0,103.0,137.0,22.0,7.0,101.0,135.0,21.0,8.0,99.0,135.0,21.0,8.0,77.0,90.0,25.10265873,1.508708514,68.0,81.0,25.0,2.0,68.0,81.0,25.0,2.0,67.0,81.0,25.0,2.0,23.0,Singapore,31,2019-W32,False,0.3859060402684564,0.35570469798657717,0.25838926174496646
Singapore,2019.0,33.0,8.0,270.0,376.0,21.0,5.0,285.0,381.0,22.0,5.0,288.0,386.0,22.0,6.0,286.0,387.0,21.0,7.0,121.0,173.0,19.0,6.0,121.0,169.0,20.0,6.0,121.0,170.0,20.0,8.0,121.0,172.0,20.0,10.0,88.0,127.0,20,5.0,99.0,134.0,22.0,6.0,99.0,135.0,21.0,7.0,98.0,134.0,21.0,7.0,61.0,76.0,24.79803279,1.560382514,65.0,78.0,25.0,2.0,68.0,81.0,25.0,2.0,67.0,81.0,25.0,2.0,20.0,Singapore,32,2019-W33,False,0.44814814814814813,0.32592592592592595,0.22592592592592592
Singapore,2019.0,34.0,8.0,282.0,367.0,21.0,6.0,282.0,376.0,22.0,5.0,286.0,382.0,22.0,6.0,285.0,385.0,21.0,6.0,114.0,160.0,20.0,8.0,117.0,166.0,20.0,7.0,120.0,168.0,20.0,8.0,120.0,171.0,20.0,8.0,102.0,132.0,20,5.0,99.0,133.0,21.0,6.0,100.0,134.0,21.0,7.0,98.0,134.0,21.0,7.0,66.0,75.0,25.227117,1.97229798,66.0,78.0,25.0,2.0,66.0,79.0,25.0,2.0,67.0,80.0,25.0,2.0,20.0,Singapore,33,2019-W34,False,0.40425531914893614,0.3617021276595745,0.23404255319148937
Singapore,2019.0,35.0,8.0,295.0,385.0,21.0,6.0,286.0,380.0,21.0,5.0,287.0,381.0,22.0,6.0,286.0,384.0,21.0,6.0,123.0,169.0,19.0,8.0,118.0,167.0,20.0,7.0,119.0,167.0,20.0,7.0,120.0,170.0,20.0,8.0,102.0,136.0,21,5.0,100.0,133.0,21.0,5.0,101.0,135.0,21.0,7.0,99.0,134.0,21.0,7.0,70.0,80.0,24.44811111,4.43897619,69.0,80.0,25.0,2.0,67.0,80.0,25.0,2.0,67.0,80.0,25.0,2.0,21.0,Singapore,34,2019-W35,False,0.41694915254237286,0.34576271186440677,0.23728813559322035
Singapore,2019.0,36.0,9.0,287.0,384.0,23.0,6.0,284.0,378.0,22.0,6.0,287.0,381.0,22.0,6.0,287.0,384.0,22.0,6.0,115.0,163.0,21.0,9.0,118.0,166.0,20.0,8.0,119.0,166.0,20.0,7.0,120.0,169.0,20.0,8.0,91.0,128.0,22,5.0,96.0,131.0,21.0,5.0,99.0,134.0,21.0,6.0,99.0,134.0,21.0,7.0,81.0,93.0,26.35346365,3.464804527,70.0,81.0,25.0,3.0,69.0,81.0,25.0,2.0,68.0,81.0,25.0,2.0,24.0,Singapore,35,2019-W36,False,0.40069686411149824,0.3170731707317073,0.28222996515679444
Singapore,2019.0,37.0,9.0,286.0,379.0,22.0,8.0,288.0,379.0,22.0,6.0,286.0,380.0,22.0,6.0,288.0,384.0,22.0,6.0,129.0,174.0,20.0,10.0,120.0,167.0,20.0,9.0,120.0,168.0,20.0,7.0,121.0,169.0,20.0,8.0,98.0,130.0,22,8.0,98.0,132.0,22.0,6.0,99.0,133.0,22.0,6.0,99.0,134.0,21.0,7.0,59.0,75.0,26.54404426,5.191007533,69.0,81.0,26.0,4.0,67.0,80.0,25.0,3.0,68.0,81.0,25.0,2.0,20.0,Singapore,36,2019-W37,False,0.45104895104895104,0.34265734265734266,0.2062937062937063
Singapore,2019.0,38.0,9.0,275.0,363.0,21.0,8.0,286.0,378.0,22.0,7.0,284.0,377.0,22.0,6.0,286.0,381.0,22.0,7.0,119.0,164.0,20.0,11.0,122.0,168.0,20.0,9.0,119.0,167.0,20.0,8.0,120.0,168.0,20.0,8.0,92.0,125.0,21,7.0,96.0,130.0,22.0,6.0,97.0,131.0,21.0,6.0,99.0,133.0,21.0,7.0,64.0,74.0,24.77860243,4.416927083,69.0,81.0,26.0,4.0,67.0,79.0,25.0,3.0,67.0,80.0,25.0,3.0,20.0,Singapore,37,2019-W38,False,0.43272727272727274,0.33454545454545453,0.23272727272727273
Singapore,2019.0,39.0,9.0,279.0,368.0,22.0,8.0,282.0,374.0,22.0,8.0,284.0,377.0,22.0,7.0,285.0,379.0,22.0,6.0,114.0,164.0,20.0,11.0,119.0,166.0,20.0,10.0,119.0,167.0,20.0,9.0,119.0,167.0,20.0,8.0,99.0,126.0,22,9.0,95.0,127.0,22.0,7.0,97.0,130.0,21.0,6.0,99.0,132.0,21.0,7.0,66.0,78.0,24.63741162,2.292676768,68.0,80.0,26.0,4.0,68.0,80.0,25.0,3.0,67.0,80.0,25.0,3.0,21.0,Singapore,38,2019-W39,False,0.40860215053763443,0.3548387096774194,0.23655913978494625
Singapore,2019.0,40.0,10.0,278.0,367.0,21.0,8.0,280.0,369.0,22.0,8.0,282.0,374.0,22.0,7.0,284.0,377.0,22.0,7.0,114.0,159.0,21.0,10.0,119.0,165.0,20.0,10.0,119.0,166.0,20.0,9.0,119.0,166.0,20.0,8.0,104.0,138.0,20,9.0,98.0,130.0,21.0,8.0,97.0,130.0,21.0,7.0,99.0,132.0,21.0,7.0,60.0,70.0,25.71225926,1.711319444,62.0,74.0,25.0,3.0,66.0,78.0,25.0,3.0,66.0,79.0,25.0,3.0,19.0,Singapore,39,2019-W40,False,0.41007194244604317,0.37410071942446044,0.2158273381294964
Singapore,2019.0,41.0,10.0,296.0,384.0,21.0,7.0,282.0,371.0,22.0,8.0,285.0,375.0,22.0,7.0,285.0,377.0,22.0,7.0,133.0,174.0,19.0,8.0,120.0,165.0,20.0,10.0,120.0,166.0,20.0,9.0,120.0,167.0,20.0,8.0,97.0,132.0,22,9.0,98.0,130.0,21.0,9.0,98.0,131.0,21.0,7.0,98.0,132.0,21.0,7.0,66.0,78.0,25.16960438,2.294217172,64.0,75.0,25.0,3.0,67.0,78.0,25.0,3.0,66.0,78.0,25.0,3.0,20.0,Singapore,40,2019-W41,False,0.44932432432432434,0.3277027027027027,0.22297297297297297
Singapore,2019.0,42.0,10.0,271.0,364.0,22.0,7.0,281.0,371.0,22.0,8.0,283.0,374.0,22.0,7.0,283.0,375.0,22.0,7.0,127.0,176.0,20.0,10.0,122.0,168.0,20.0,10.0,122.0,168.0,20.0,10.0,120.0,167.0,20.0,9.0,88.0,121.0,22,5.0,97.0,129.0,21.0,8.0,96.0,130.0,22.0,7.0,97.0,131.0,21.0,7.0,56.0,67.0,26.3487004,3.02639881,62.0,73.0,25.0,2.0,65.0,77.0,25.0,3.0,65.0,77.0,25.0,3.0,18.0,Singapore,41,2019-W42,False,0.46863468634686345,0.3247232472324723,0.2066420664206642
Singapore,2019.0,43.0,10.0,263.0,353.0,22.0,7.0,277.0,367.0,22.0,7.0,279.0,370.0,22.0,7.0,282.0,374.0,22.0,7.0,114.0,167.0,19.0,8.0,122.0,169.0,20.0,9.0,121.0,168.0,20.0,10.0,120.0,167.0,20.0,9.0,90.0,117.0,22,8.0,95.0,127.0,22.0,8.0,95.0,127.0,22.0,8.0,96.0,129.0,21.0,7.0,59.0,69.0,28.74194915,1.484260829,60.0,71.0,26.0,2.0,64.0,76.0,26.0,3.0,65.0,77.0,26.0,3.0,20.0,Singapore,42,2019-W43,False,0.43346007604562736,0.34220532319391633,0.22433460076045628
Singapore,2019.0,44.0,11.0,288.0,375.0,23.0,7.0,280.0,369.0,22.0,7.0,280.0,369.0,22.0,8.0,281.0,372.0,22.0,7.0,125.0,174.0,22.0,8.0,125.0,173.0,20.0,9.0,122.0,169.0,20.0,9.0,121.0,168.0,20.0,9.0,91.0,119.0,22,8.0,92.0,122.0,22.0,8.0,95.0,126.0,22.0,8.0,95.0,128.0,21.0,7.0,72.0,82.0,27.63217978,4.061010802,63.0,74.0,27.0,3.0,63.0,74.0,26.0,3.0,65.0,76.0,26.0,3.0,22.0,Singapore,43,2019-W44,False,0.4340277777777778,0.3159722222222222,0.25
Singapore,2019.0,45.0,11.0,285.0,383.0,24.0,9.0,277.0,369.0,23.0,7.0,279.0,370.0,22.0,8.0,282.0,373.0,22.0,7.0,127.0,178.0,22.0,10.0,123.0,174.0,21.0,9.0,122.0,170.0,20.0,9.0,121.0,169.0,20.0,9.0,87.0,118.0,25,12.0,89.0,119.0,23.0,8.0,94.0,125.0,22.0,8.0,95.0,127.0,22.0,8.0,71.0,87.0,28.05232394,3.800176056,65.0,76.0,28.0,3.0,64.0,76.0,26.0,3.0,66.0,77.0,26.0,3.0,23.0,Singapore,44,2019-W45,False,0.4456140350877193,0.30526315789473685,0.24912280701754386
Singapore,2019.0,46.0,11.0,293.0,397.0,24.0,8.0,282.0,377.0,24.0,8.0,282.0,374.0,23.0,8.0,283.0,375.0,22.0,7.0,121.0,176.0,23.0,10.0,122.0,174.0,22.0,9.0,122.0,171.0,21.0,9.0,122.0,170.0,21.0,9.0,100.0,133.0,22,9.0,92.0,122.0,23.0,9.0,95.0,126.0,22.0,9.0,95.0,127.0,22.0,8.0,72.0,88.0,28.35191744,3.083591821,69.0,82.0,28.0,3.0,65.0,77.0,27.0,3.0,66.0,78.0,26.0,3.0,22.0,Singapore,45,2019-W46,False,0.4129692832764505,0.3412969283276451,0.24573378839590443
Singapore,2019.0,47.0,11.0,273.0,379.0,23.0,8.0,285.0,384.0,24.0,8.0,281.0,375.0,23.0,8.0,281.0,375.0,23.0,8.0,117.0,165.0,20.0,10.0,123.0,173.0,22.0,10.0,122.0,171.0,21.0,9.0,121.0,170.0,21.0,10.0,89.0,128.0,24,10.0,92.0,125.0,23.0,10.0,93.0,126.0,22.0,9.0,94.0,126.0,22.0,8.0,67.0,86.0,26.72539386,3.002325871,71.0,86.0,28.0,3.0,65.0,78.0,27.0,3.0,66.0,79.0,27.0,3.0,23.0,Singapore,46,2019-W47,False,0.42857142857142855,0.326007326007326,0.2454212454212454
Singapore,2019.0,48.0,11.0,272.0,372.0,24.0,8.0,281.0,383.0,24.0,8.0,280.0,376.0,23.0,8.0,280.0,374.0,23.0,8.0,119.0,164.0,22.0,10.0,121.0,171.0,22.0,10.0,123.0,172.0,21.0,9.0,122.0,170.0,21.0,10.0,91.0,133.0,24,9.0,92.0,128.0,24.0,10.0,92.0,125.0,23.0,9.0,94.0,127.0,22.0,9.0,62.0,75.0,27.02415323,4.278319892,68.0,84.0,28.0,4.0,66.0,79.0,27.0,3.0,65.0,77.0,27.0,3.0,20.0,Singapore,47,2019-W48,False,0.4375,0.33455882352941174,0.22794117647058823
Singapore,2019.0,49.0,12.0,273.0,363.0,22.0,6.0,278.0,378.0,23.0,8.0,277.0,373.0,23.0,8.0,279.0,372.0,23.0,8.0,120.0,160.0,20.0,8.0,119.0,166.0,21.0,9.0,121.0,170.0,21.0,9.0,121.0,168.0,21.0,9.0,92.0,128.0,21,8.0,93.0,131.0,23.0,9.0,91.0,125.0,23.0,9.0,93.0,127.0,22.0,9.0,61.0,75.0,27.26552823,1.891270492,66.0,81.0,27.0,3.0,65.0,79.0,28.0,3.0,65.0,77.0,27.0,3.0,21.0,Singapore,48,2019-W49,False,0.43956043956043955,0.336996336996337,0.22344322344322345
Singapore,2019.0,50.0,12.0,276.0,366.0,22.0,8.0,274.0,370.0,23.0,8.0,278.0,374.0,23.0,8.0,279.0,373.0,23.0,8.0,133.0,172.0,21.0,11.0,122.0,165.0,21.0,10.0,122.0,170.0,21.0,9.0,122.0,169.0,21.0,9.0,85.0,124.0,21,6.0,89.0,128.0,23.0,8.0,91.0,125.0,23.0,9.0,93.0,126.0,22.0,8.0,58.0,70.0,27.3819636,4.120344828,62.0,77.0,27.0,3.0,65.0,79.0,28.0,3.0,64.0,77.0,27.0,3.0,19.0,Singapore,49,2019-W50,False,0.48188405797101447,0.3079710144927536,0.21014492753623187
Singapore,2019.0,51.0,12.0,258.0,356.0,22.0,5.0,270.0,364.0,23.0,7.0,277.0,374.0,23.0,7.0,277.0,372.0,23.0,7.0,112.0,167.0,21.0,6.0,121.0,166.0,21.0,9.0,122.0,170.0,21.0,9.0,122.0,169.0,21.0,9.0,83.0,111.0,21,5.0,88.0,124.0,22.0,7.0,90.0,124.0,23.0,8.0,91.0,125.0,22.0,8.0,63.0,78.0,26.28864198,2.019034392,61.0,75.0,27.0,3.0,66.0,80.0,27.0,3.0,64.0,77.0,27.0,3.0,22.0,Singapore,50,2019-W51,False,0.43410852713178294,0.32170542635658916,0.2441860465116279
Singapore,2019.0,52.0,12.0,280.0,369.0,22.0,6.0,272.0,364.0,22.0,6.0,276.0,373.0,23.0,7.0,277.0,372.0,23.0,7.0,117.0,160.0,19.0,7.0,121.0,165.0,20.0,8.0,121.0,168.0,21.0,9.0,122.0,169.0,21.0,9.0,97.0,129.0,21,6.0,89.0,123.0,21.0,6.0,91.0,126.0,23.0,8.0,91.0,124.0,22.0,8.0,66.0,80.0,27.83414141,3.905046296,62.0,76.0,27.0,3.0,65.0,80.0,27.0,3.0,64.0,78.0,27.0,3.0,22.0,Singapore,51,2019-W52,False,0.41785714285714287,0.3464285714285714,0.2357142857142857
Singapore,2020.0,1.0,1.0,276.0,276.0,62.0,18.0,273.0,342.0,32.0,9.0,275.0,360.0,28.0,8.0,276.0,363.0,26.0,8.0,123.0,123.0,110.0,29.0,121.0,156.0,43.0,13.0,120.0,161.0,32.0,11.0,121.0,165.0,28.0,11.0,81.0,81.0,22,13.0,87.0,111.0,22.0,7.0,90.0,121.0,22.0,8.0,90.0,120.0,22.0,8.0,72.0,72.0,25.12515046,3.255339506,65.0,75.0,27.0,3.0,65.0,78.0,27.0,3.0,65.0,77.0,27.0,3.0,26.0,Singapore,52,2020-W01,False,0.44565217391304346,0.29347826086956524,0.2608695652173913
Singapore,2020.0,2.0,1.0,283.0,378.0,21.0,10.0,274.0,345.0,32.0,10.0,274.0,357.0,27.0,9.0,277.0,364.0,26.0,8.0,122.0,167.0,19.0,9.0,119.0,154.0,42.0,13.0,120.0,160.0,31.0,11.0,121.0,164.0,28.0,11.0,95.0,128.0,21,6.0,89.0,112.0,21.0,7.0,89.0,120.0,22.0,8.0,90.0,121.0,22.0,8.0,66.0,83.0,27.0496633,17.2655303,67.0,78.0,27.0,7.0,64.0,77.0,27.0,5.0,66.0,79.0,27.0,4.0,22.0,Singapore,53,2020-W02,False,0.43109540636042404,0.33568904593639576,0.2332155477031802
Singapore,2020.0,3.0,1.0,283.0,371.0,23.0,11.0,281.0,349.0,32.0,11.0,275.0,356.0,27.0,9.0,278.0,365.0,26.0,9.0,121.0,166.0,22.0,18.0,121.0,154.0,42.0,16.0,121.0,160.0,32.0,12.0,121.0,164.0,28.0,11.0,95.0,125.0,20,7.0,92.0,116.0,21.0,8.0,90.0,120.0,22.0,7.0,91.0,121.0,22.0,8.0,67.0,80.0,27.85459784,5.779751244,68.0,79.0,27.0,8.0,64.0,77.0,27.0,5.0,66.0,80.0,27.0,5.0,22.0,Singapore,54,2020-W03,False,0.4275618374558304,0.33568904593639576,0.23674911660777384
Singapore,2020.0,4.0,1.0,260.0,368.0,23.0,7.0,276.0,348.0,32.0,12.0,274.0,356.0,27.0,9.0,276.0,365.0,26.0,9.0,112.0,167.0,19.0,6.0,120.0,156.0,42.0,16.0,120.0,160.0,31.0,12.0,120.0,164.0,28.0,11.0,82.0,120.0,24,10.0,88.0,114.0,22.0,9.0,89.0,118.0,22.0,8.0,90.0,122.0,22.0,8.0,66.0,81.0,28.54531145,4.233127104,68.0,79.0,27.0,8.0,65.0,77.0,27.0,5.0,66.0,80.0,27.0,5.0,22.0,Singapore,55,2020-W04,False,0.4307692307692308,0.3153846153846154,0.25384615384615383
Singapore,2020.0,5.0,1.0,280.0,380.0,25.0,10.0,277.0,374.0,23.0,10.0,275.0,358.0,28.0,9.0,276.0,365.0,26.0,9.0,122.0,169.0,23.0,15.0,119.0,167.0,21.0,12.0,120.0,161.0,32.0,13.0,120.0,163.0,28.0,12.0,90.0,125.0,23,8.0,91.0,125.0,22.0,8.0,89.0,118.0,22.0,8.0,90.0,122.0,22.0,8.0,68.0,86.0,28.25020833,4.052982026,67.0,83.0,28.0,8.0,66.0,79.0,27.0,6.0,66.0,80.0,27.0,5.0,23.0,Singapore,56,2020-W05,False,0.4357142857142857,0.32142857142857145,0.24285714285714285
Singapore,2020.0,6.0,2.0,279.0,389.0,25.0,13.0,276.0,377.0,24.0,10.0,275.0,361.0,28.0,10.0,274.0,364.0,26.0,9.0,122.0,180.0,22.0,19.0,119.0,171.0,22.0,14.0,119.0,162.0,32.0,14.0,120.0,163.0,28.0,12.0,93.0,127.0,25,11.0,90.0,124.0,23.0,9.0,90.0,118.0,22.0,8.0,89.0,122.0,22.0,8.0,64.0,82.0,31.15858073,5.831640625,66.0,82.0,29.0,5.0,67.0,80.0,28.0,6.0,65.0,79.0,28.0,5.0,21.0,Singapore,57,2020-W06,False,0.43727598566308246,0.3333333333333333,0.22939068100358423
Singapore,2020.0,7.0,2.0,259.0,372.0,22.0,14.0,270.0,377.0,24.0,11.0,275.0,363.0,28.0,11.0,273.0,363.0,26.0,10.0,124.0,185.0,20.0,17.0,120.0,175.0,21.0,14.0,120.0,165.0,32.0,15.0,121.0,165.0,28.0,13.0,82.0,116.0,22,17.0,87.0,122.0,24.0,12.0,89.0,119.0,22.0,10.0,89.0,121.0,22.0,9.0,53.0,71.0,27.13514151,1.158092243,63.0,80.0,29.0,4.0,65.0,79.0,28.0,6.0,64.0,78.0,28.0,5.0,19.0,Singapore,58,2020-W07,False,0.47876447876447875,0.3166023166023166,0.20463320463320464
Singapore,2020.0,8.0,2.0,255.0,362.0,23.0,14.0,268.0,376.0,24.0,13.0,272.0,362.0,28.0,12.0,272.0,363.0,26.0,10.0,125.0,185.0,20.0,24.0,123.0,180.0,21.0,19.0,121.0,168.0,32.0,17.0,121.0,167.0,28.0,14.0,74.0,111.0,23,5.0,85.0,120.0,23.0,10.0,87.0,117.0,23.0,10.0,87.0,119.0,22.0,9.0,56.0,66.0,28.25173611,3.715411706,60.0,76.0,29.0,4.0,64.0,78.0,28.0,6.0,63.0,77.0,28.0,5.0,18.0,Singapore,59,2020-W08,False,0.49019607843137253,0.2901960784313726,0.2196078431372549
Singapore,2020.0,9.0,2.0,273.0,372.0,23.0,20.0,267.0,374.0,23.0,15.0,272.0,374.0,23.0,12.0,272.0,363.0,26.0,11.0,122.0,179.0,20.0,38.0,123.0,182.0,20.0,24.0,121.0,175.0,21.0,18.0,121.0,168.0,28.0,17.0,84.0,115.0,23,9.0,83.0,117.0,23.0,11.0,87.0,121.0,23.0,9.0,87.0,118.0,22.0,9.0,67.0,78.0,26.15384328,1.654195688,60.0,74.0,28.0,3.0,63.0,78.0,28.0,5.0,64.0,77.0,28.0,5.0,21.0,Singapore,60,2020-W09,False,0.4468864468864469,0.3076923076923077,0.2454212454212454
Singapore,2020.0,10.0,3.0,261.0,374.0,22.0,12.0,262.0,370.0,22.0,15.0,269.0,374.0,23.0,13.0,271.0,364.0,26.0,12.0,119.0,184.0,20.0,8.0,123.0,183.0,20.0,22.0,121.0,177.0,21.0,18.0,120.0,169.0,28.0,16.0,77.0,114.0,24,23.0,79.0,114.0,23.0,13.0,85.0,119.0,23.0,11.0,86.0,117.0,23.0,10.0,65.0,76.0,25.70184188,5.763991453,60.0,73.0,27.0,3.0,63.0,78.0,28.0,4.0,64.0,78.0,27.0,5.0,20.0,Singapore,61,2020-W10,False,0.4559386973180077,0.2950191570881226,0.24904214559386972
Singapore,2020.0,11.0,3.0,271.0,381.0,24.0,10.0,265.0,372.0,23.0,14.0,267.0,375.0,23.0,13.0,272.0,366.0,26.0,12.0,120.0,181.0,22.0,13.0,122.0,182.0,20.0,21.0,121.0,179.0,21.0,17.0,121.0,171.0,28.0,17.0,85.0,120.0,24,11.0,80.0,115.0,23.0,12.0,83.0,119.0,24.0,12.0,86.0,118.0,23.0,11.0,66.0,80.0,27.5934596,3.672015993,64.0,75.0,27.0,4.0,63.0,78.0,28.0,4.0,65.0,78.0,28.0,5.0,21.0,Singapore,62,2020-W11,False,0.44280442804428044,0.31365313653136534,0.24354243542435425
Singapore,2020.0,12.0,3.0,260.0,382.0,24.0,11.0,266.0,377.0,23.0,13.0,267.0,377.0,23.0,13.0,270.0,367.0,26.0,13.0,117.0,182.0,21.0,13.0,120.0,182.0,21.0,18.0,121.0,181.0,21.0,18.0,121.0,172.0,28.0,17.0,82.0,124.0,24,14.0,82.0,118.0,24.0,14.0,83.0,119.0,24.0,12.0,85.0,117.0,23.0,11.0,61.0,76.0,29.88127049,2.253998179,65.0,78.0,27.0,3.0,63.0,77.0,28.0,4.0,64.0,78.0,28.0,5.0,20.0,Singapore,63,2020-W12,False,0.45,0.3153846153846154,0.23461538461538461
Singapore,2020.0,13.0,3.0,275.0,403.0,23.0,18.0,267.0,385.0,23.0,13.0,267.0,379.0,23.0,14.0,270.0,378.0,23.0,13.0,119.0,184.0,20.0,29.0,119.0,183.0,21.0,16.0,121.0,183.0,21.0,20.0,120.0,177.0,21.0,17.0,90.0,132.0,23,14.0,84.0,123.0,24.0,16.0,83.0,120.0,24.0,13.0,86.0,121.0,23.0,11.0,66.0,87.0,27.00093855,2.62530303,65.0,80.0,28.0,4.0,62.0,77.0,28.0,3.0,64.0,79.0,28.0,5.0,22.0,Singapore,64,2020-W13,False,0.43272727272727274,0.32727272727272727,0.24
Singapore,2020.0,14.0,3.0,280.0,390.0,23.0,16.0,272.0,389.0,24.0,14.0,267.0,380.0,23.0,14.0,270.0,379.0,23.0,13.0,125.0,182.0,21.0,25.0,120.0,182.0,21.0,20.0,121.0,183.0,20.0,21.0,121.0,179.0,21.0,19.0,81.0,119.0,24,16.0,85.0,124.0,24.0,14.0,82.0,119.0,23.0,14.0,85.0,121.0,23.0,12.0,74.0,89.0,26.72070571,1.817593844,67.0,83.0,28.0,3.0,64.0,78.0,27.0,3.0,64.0,79.0,28.0,4.0,23.0,Singapore,65,2020-W14,False,0.44642857142857145,0.2892857142857143,0.2642857142857143
Singapore,2020.0,15.0,4.0,263.0,389.0,23.0,13.0,270.0,391.0,23.0,14.0,267.0,382.0,23.0,14.0,268.0,380.0,23.0,13.0,107.0,178.0,21.0,13.0,117.0,182.0,21.0,20.0,119.0,182.0,21.0,20.0,120.0,180.0,21.0,18.0,88.0,124.0,22,20.0,85.0,125.0,23.0,16.0,83.0,120.0,23.0,14.0,84.0,121.0,24.0,13.0,68.0,87.0,25.88911765,4.743639706,67.0,85.0,27.0,3.0,65.0,80.0,27.0,3.0,65.0,80.0,28.0,3.0,22.0,Singapore,66,2020-W15,False,0.4068441064638783,0.33460076045627374,0.2585551330798479
Singapore,2020.0,16.0,4.0,257.0,365.0,20.0,16.0,269.0,387.0,22.0,16.0,268.0,382.0,23.0,14.0,268.0,380.0,23.0,14.0,108.0,164.0,18.0,18.0,115.0,177.0,20.0,21.0,117.0,179.0,20.0,19.0,119.0,179.0,21.0,19.0,93.0,129.0,21,18.0,88.0,126.0,23.0,17.0,85.0,122.0,23.0,16.0,85.0,121.0,23.0,14.0,56.0,72.0,25.58947917,8.373189484,66.0,84.0,26.0,4.0,65.0,81.0,27.0,4.0,64.0,79.0,27.0,4.0,20.0,Singapore,67,2020-W16,False,0.42023346303501946,0.36186770428015563,0.2178988326848249
Singapore,2020.0,17.0,4.0,247.0,361.0,20.0,10.0,262.0,376.0,22.0,14.0,264.0,381.0,22.0,13.0,265.0,378.0,23.0,14.0,97.0,155.0,18.0,13.0,109.0,170.0,19.0,17.0,114.0,176.0,20.0,16.0,117.0,178.0,20.0,19.0,90.0,136.0,20,11.0,88.0,127.0,22.0,16.0,86.0,125.0,23.0,16.0,85.0,122.0,23.0,14.0,60.0,70.0,24.08081481,3.261796296,65.0,80.0,26.0,5.0,65.0,80.0,27.0,4.0,63.0,78.0,27.0,4.0,19.0,Singapore,68,2020-W17,False,0.39271255060728744,0.3643724696356275,0.242914979757085
Singapore,2020.0,18.0,4.0,261.0,377.0,21.0,15.0,257.0,373.0,21.0,14.0,264.0,381.0,22.0,14.0,264.0,377.0,22.0,14.0,114.0,164.0,19.0,17.0,107.0,165.0,19.0,15.0,113.0,174.0,20.0,18.0,116.0,177.0,20.0,19.0,85.0,135.0,19,14.0,89.0,131.0,21.0,15.0,87.0,127.0,22.0,15.0,84.0,123.0,22.0,14.0,62.0,78.0,25.73662634,15.55326613,62.0,77.0,25.0,8.0,64.0,80.0,27.0,5.0,63.0,78.0,27.0,5.0,21.0,Singapore,69,2020-W18,False,0.4367816091954023,0.32567049808429116,0.23754789272030652
Singapore,2020.0,19.0,5.0,249.0,380.0,20.0,17.0,254.0,371.0,20.0,14.0,262.0,381.0,22.0,14.0,263.0,378.0,22.0,14.0,118.0,184.0,17.0,19.0,109.0,167.0,18.0,17.0,113.0,174.0,19.0,18.0,116.0,177.0,20.0,19.0,71.0,121.0,19,24.0,85.0,130.0,20.0,17.0,85.0,128.0,22.0,16.0,83.0,123.0,22.0,15.0,60.0,75.0,24.96906481,1.596263889,60.0,74.0,25.0,7.0,63.0,79.0,26.0,5.0,63.0,78.0,26.0,5.0,20.0,Singapore,70,2020-W19,False,0.4738955823293173,0.285140562248996,0.24096385542168675
Singapore,2020.0,20.0,5.0,254.0,371.0,21.0,8.0,253.0,372.0,20.0,13.0,261.0,380.0,21.0,14.0,263.0,379.0,22.0,14.0,114.0,178.0,18.0,8.0,111.0,170.0,18.0,14.0,113.0,174.0,19.0,18.0,115.0,176.0,20.0,18.0,81.0,120.0,22,12.0,82.0,128.0,20.0,15.0,85.0,127.0,21.0,16.0,84.0,124.0,22.0,15.0,59.0,73.0,26.17347458,3.799397363,60.0,74.0,25.0,6.0,63.0,79.0,26.0,5.0,64.0,78.0,26.0,5.0,20.0,Singapore,71,2020-W20,False,0.44881889763779526,0.3188976377952756,0.23228346456692914
Singapore,2020.0,21.0,5.0,251.0,372.0,21.0,16.0,254.0,375.0,21.0,14.0,258.0,376.0,21.0,14.0,261.0,379.0,22.0,13.0,110.0,170.0,18.0,25.0,114.0,174.0,18.0,17.0,112.0,172.0,19.0,17.0,114.0,176.0,19.0,17.0,79.0,126.0,21,12.0,79.0,126.0,20.0,16.0,84.0,126.0,21.0,16.0,84.0,125.0,22.0,16.0,62.0,76.0,27.12462366,4.588198925,61.0,76.0,26.0,6.0,63.0,78.0,26.0,5.0,63.0,78.0,26.0,5.0,20.0,Singapore,72,2020-W21,False,0.43824701195219123,0.3147410358565737,0.24701195219123506
Singapore,2020.0,22.0,5.0,234.0,381.0,21.0,10.0,247.0,376.0,21.0,13.0,252.0,375.0,21.0,13.0,259.0,379.0,22.0,13.0,94.0,167.0,19.0,12.0,109.0,175.0,18.0,16.0,108.0,170.0,18.0,16.0,112.0,174.0,19.0,17.0,78.0,132.0,20,11.0,77.0,125.0,20.0,15.0,83.0,128.0,20.0,15.0,84.0,127.0,22.0,15.0,62.0,82.0,27.51278674,6.55155914,61.0,77.0,26.0,4.0,61.0,77.0,26.0,6.0,63.0,79.0,27.0,5.0,22.0,Singapore,73,2020-W22,False,0.4017094017094017,0.3333333333333333,0.26495726495726496
Singapore,2020.0,23.0,6.0,265.0,383.0,21.0,11.0,251.0,377.0,21.0,11.0,252.0,374.0,21.0,13.0,258.0,380.0,22.0,13.0,117.0,175.0,18.0,20.0,109.0,173.0,18.0,16.0,109.0,170.0,18.0,17.0,112.0,174.0,19.0,18.0,85.0,131.0,21,5.0,81.0,127.0,21.0,10.0,83.0,129.0,20.0,13.0,84.0,127.0,21.0,14.0,63.0,77.0,24.83297619,1.523650794,62.0,77.0,26.0,4.0,61.0,75.0,26.0,6.0,63.0,79.0,26.0,5.0,20.0,Singapore,74,2020-W23,False,0.44150943396226416,0.32075471698113206,0.23773584905660378
Singapore,2020.0,24.0,6.0,256.0,364.0,21.0,6.0,252.0,375.0,21.0,11.0,252.0,374.0,21.0,12.0,258.0,378.0,21.0,13.0,109.0,164.0,19.0,7.0,108.0,169.0,18.0,16.0,109.0,170.0,18.0,15.0,111.0,172.0,19.0,17.0,80.0,120.0,22,7.0,81.0,127.0,21.0,9.0,81.0,128.0,20.0,12.0,83.0,127.0,21.0,14.0,67.0,80.0,25.23000415,1.754013267,64.0,79.0,26.0,4.0,62.0,76.0,26.0,5.0,63.0,79.0,26.0,5.0,22.0,Singapore,75,2020-W24,False,0.42578125,0.3125,0.26171875
Singapore,2020.0,25.0,6.0,258.0,367.0,21.0,5.0,253.0,374.0,21.0,8.0,254.0,374.0,21.0,11.0,256.0,375.0,21.0,12.0,109.0,170.0,17.0,6.0,107.0,169.0,18.0,11.0,111.0,172.0,18.0,14.0,110.0,171.0,18.0,15.0,83.0,119.0,22,6.0,82.0,126.0,21.0,7.0,80.0,126.0,21.0,12.0,83.0,126.0,21.0,13.0,66.0,78.0,26.59400253,2.053291246,65.0,79.0,26.0,3.0,63.0,77.0,26.0,5.0,63.0,78.0,26.0,5.0,21.0,Singapore,76,2020-W25,False,0.42248062015503873,0.32170542635658916,0.2558139534883721
Singapore,2020.0,26.0,6.0,275.0,357.0,21.0,7.0,264.0,368.0,21.0,7.0,255.0,372.0,21.0,10.0,256.0,372.0,21.0,11.0,115.0,153.0,17.0,8.0,113.0,166.0,18.0,10.0,111.0,170.0,18.0,13.0,109.0,169.0,18.0,14.0,95.0,127.0,20,8.0,86.0,124.0,21.0,7.0,82.0,125.0,21.0,11.0,84.0,127.0,21.0,12.0,65.0,77.0,28.44842735,3.354209402,65.0,78.0,26.0,2.0,63.0,77.0,26.0,3.0,63.0,77.0,26.0,5.0,22.0,Singapore,77,2020-W26,False,0.41818181818181815,0.34545454545454546,0.23636363636363636
Singapore,2020.0,27.0,7.0,247.0,338.0,21.0,7.0,259.0,357.0,21.0,6.0,255.0,367.0,21.0,9.0,255.0,368.0,21.0,11.0,104.0,145.0,19.0,9.0,109.0,158.0,18.0,8.0,109.0,165.0,18.0,12.0,109.0,166.0,18.0,14.0,81.0,119.0,20,7.0,85.0,121.0,21.0,7.0,83.0,124.0,21.0,9.0,83.0,126.0,21.0,11.0,62.0,74.0,26.44551075,2.364278674,65.0,77.0,27.0,2.0,63.0,77.0,27.0,3.0,62.0,76.0,26.0,5.0,22.0,Singapore,78,2020-W27,False,0.42105263157894735,0.32793522267206476,0.25101214574898784
Singapore,2020.0,28.0,7.0,272.0,351.0,19.0,6.0,263.0,353.0,21.0,6.0,257.0,364.0,21.0,8.0,256.0,367.0,21.0,10.0,117.0,153.0,16.0,8.0,111.0,155.0,17.0,8.0,109.0,162.0,18.0,12.0,110.0,165.0,18.0,13.0,91.0,121.0,19,6.0,88.0,122.0,20.0,7.0,84.0,124.0,21.0,8.0,83.0,126.0,20.0,10.0,64.0,77.0,26.57833767,2.149973958,64.0,77.0,27.0,2.0,64.0,78.0,27.0,3.0,63.0,76.0,26.0,4.0,22.0,Singapore,79,2020-W28,False,0.43014705882352944,0.33455882352941174,0.23529411764705882
Singapore,2020.0,29.0,7.0,273.0,358.0,21.0,5.0,267.0,351.0,21.0,6.0,260.0,362.0,21.0,7.0,258.0,367.0,21.0,9.0,114.0,152.0,17.0,6.0,113.0,151.0,17.0,8.0,110.0,160.0,18.0,10.0,111.0,165.0,18.0,12.0,95.0,127.0,20,5.0,91.0,124.0,20.0,7.0,86.0,125.0,21.0,7.0,84.0,125.0,20.0,10.0,64.0,79.0,27.18706163,3.117873264,64.0,77.0,27.0,3.0,64.0,78.0,27.0,3.0,63.0,77.0,26.0,4.0,22.0,Singapore,80,2020-W29,False,0.4175824175824176,0.34798534798534797,0.23443223443223443
Singapore,2020.0,30.0,7.0,268.0,351.0,21.0,10.0,265.0,350.0,21.0,7.0,264.0,359.0,21.0,7.0,259.0,364.0,21.0,9.0,126.0,161.0,18.0,16.0,115.0,153.0,18.0,10.0,114.0,159.0,18.0,10.0,112.0,164.0,18.0,12.0,88.0,122.0,22,6.0,89.0,122.0,20.0,6.0,87.0,123.0,21.0,6.0,84.0,124.0,21.0,9.0,54.0,68.0,27.68014918,4.010349794,61.0,75.0,27.0,3.0,63.0,76.0,27.0,3.0,62.0,76.0,27.0,3.0,19.0,Singapore,81,2020-W30,False,0.4701492537313433,0.3283582089552239,0.20149253731343283
Singapore,2020.0,31.0,7.0,275.0,363.0,22.0,9.0,272.0,356.0,21.0,7.0,266.0,356.0,21.0,7.0,261.0,363.0,21.0,8.0,118.0,163.0,18.0,10.0,119.0,157.0,17.0,10.0,114.0,158.0,18.0,9.0,112.0,163.0,18.0,11.0,86.0,118.0,21,10.0,90.0,122.0,21.0,7.0,87.0,122.0,21.0,7.0,85.0,124.0,21.0,8.0,71.0,82.0,26.91734742,3.774859155,63.0,77.0,27.0,3.0,64.0,77.0,27.0,3.0,63.0,77.0,27.0,3.0,23.0,Singapore,82,2020-W31,False,0.4290909090909091,0.31272727272727274,0.2581818181818182
Singapore,2020.0,32.0,8.0,262.0,357.0,21.0,7.0,270.0,357.0,21.0,8.0,266.0,355.0,21.0,7.0,261.0,362.0,21.0,8.0,107.0,152.0,18.0,9.0,116.0,157.0,18.0,10.0,114.0,156.0,18.0,9.0,112.0,160.0,18.0,11.0,90.0,123.0,19,7.0,90.0,123.0,21.0,7.0,89.0,122.0,20.0,7.0,86.0,124.0,21.0,8.0,65.0,82.0,27.82542308,4.371192308,64.0,78.0,27.0,4.0,64.0,77.0,27.0,3.0,64.0,78.0,27.0,3.0,23.0,Singapore,83,2020-W32,False,0.4083969465648855,0.3435114503816794,0.2480916030534351
Singapore,2020.0,33.0,8.0,277.0,364.0,20.0,8.0,271.0,359.0,21.0,8.0,269.0,355.0,21.0,7.0,264.0,361.0,21.0,8.0,125.0,172.0,18.0,14.0,119.0,162.0,18.0,12.0,116.0,156.0,18.0,10.0,113.0,161.0,18.0,11.0,93.0,119.0,20,3.0,89.0,121.0,20.0,6.0,90.0,122.0,20.0,7.0,87.0,123.0,21.0,7.0,59.0,73.0,25.88599812,2.279425612,62.0,76.0,27.0,4.0,63.0,77.0,27.0,3.0,64.0,77.0,27.0,3.0,20.0,Singapore,84,2020-W33,False,0.45126353790613716,0.33574007220216606,0.21299638989169675
Singapore,2020.0,34.0,8.0,274.0,349.0,22.0,7.0,272.0,358.0,21.0,8.0,269.0,354.0,21.0,7.0,267.0,359.0,21.0,7.0,123.0,165.0,20.0,7.0,118.0,163.0,18.0,10.0,117.0,158.0,18.0,10.0,115.0,160.0,18.0,10.0,90.0,111.0,22,7.0,90.0,118.0,21.0,7.0,89.0,120.0,20.0,6.0,88.0,121.0,21.0,7.0,61.0,73.0,28.13297359,3.821857923,64.0,78.0,27.0,4.0,63.0,76.0,27.0,3.0,63.0,77.0,27.0,3.0,21.0,Singapore,85,2020-W34,False,0.4489051094890511,0.3284671532846715,0.22262773722627738
Singapore,2020.0,35.0,8.0,283.0,370.0,24.0,8.0,274.0,360.0,22.0,7.0,273.0,358.0,21.0,7.0,268.0,357.0,21.0,7.0,117.0,165.0,26.0,10.0,118.0,164.0,20.0,10.0,118.0,160.0,19.0,10.0,115.0,160.0,19.0,9.0,93.0,118.0,21,11.0,92.0,118.0,21.0,7.0,91.0,120.0,21.0,7.0,89.0,120.0,21.0,7.0,73.0,87.0,25.64710426,2.643443683,65.0,79.0,27.0,3.0,64.0,78.0,27.0,3.0,64.0,78.0,27.0,3.0,24.0,Singapore,86,2020-W35,False,0.4134275618374558,0.3286219081272085,0.2579505300353357
Singapore,2020.0,36.0,9.0,259.0,361.0,23.0,8.0,273.0,361.0,22.0,8.0,271.0,359.0,22.0,8.0,269.0,357.0,21.0,7.0,111.0,167.0,19.0,12.0,119.0,167.0,20.0,11.0,118.0,162.0,19.0,11.0,116.0,160.0,19.0,10.0,80.0,113.0,21,6.0,89.0,115.0,21.0,7.0,89.0,119.0,21.0,7.0,89.0,120.0,21.0,7.0,68.0,81.0,30.5839665,3.53190768,65.0,79.0,28.0,3.0,64.0,78.0,27.0,3.0,64.0,78.0,27.0,3.0,22.0,Singapore,87,2020-W36,False,0.42857142857142855,0.3088803088803089,0.2625482625482625
Singapore,2020.0,37.0,9.0,283.0,374.0,23.0,15.0,275.0,364.0,23.0,9.0,273.0,361.0,22.0,9.0,271.0,358.0,21.0,8.0,120.0,170.0,19.0,17.0,118.0,167.0,21.0,12.0,118.0,164.0,19.0,12.0,116.0,160.0,19.0,11.0,101.0,126.0,24,15.0,91.0,117.0,22.0,10.0,90.0,119.0,21.0,8.0,90.0,120.0,21.0,8.0,62.0,78.0,28.74576613,9.812983871,66.0,80.0,28.0,5.0,64.0,78.0,28.0,4.0,64.0,78.0,28.0,4.0,21.0,Singapore,88,2020-W37,False,0.42402826855123676,0.3568904593639576,0.21908127208480566
Singapore,2020.0,38.0,9.0,265.0,372.0,24.0,9.0,273.0,369.0,23.0,10.0,272.0,364.0,22.0,9.0,270.0,359.0,22.0,8.0,115.0,170.0,22.0,10.0,116.0,168.0,22.0,12.0,117.0,166.0,20.0,11.0,116.0,161.0,19.0,11.0,83.0,124.0,22,11.0,89.0,120.0,22.0,11.0,90.0,119.0,21.0,9.0,89.0,120.0,21.0,8.0,67.0,78.0,29.53337894,4.843034826,68.0,81.0,29.0,5.0,66.0,79.0,28.0,4.0,64.0,78.0,28.0,4.0,21.0,Singapore,89,2020-W38,False,0.4339622641509434,0.3132075471698113,0.2528301886792453
Singapore,2020.0,39.0,9.0,266.0,370.0,24.0,9.0,268.0,369.0,23.0,10.0,271.0,365.0,23.0,9.0,271.0,362.0,22.0,8.0,113.0,171.0,21.0,11.0,115.0,170.0,20.0,12.0,116.0,167.0,20.0,11.0,117.0,163.0,19.0,11.0,90.0,122.0,23,10.0,89.0,121.0,23.0,10.0,90.0,120.0,22.0,9.0,90.0,120.0,21.0,8.0,63.0,77.0,27.93655203,3.4754806,65.0,79.0,29.0,5.0,65.0,79.0,28.0,4.0,64.0,78.0,28.0,4.0,21.0,Singapore,90,2020-W39,False,0.424812030075188,0.3383458646616541,0.23684210526315788
Singapore,2020.0,40.0,9.0,262.0,366.0,23.0,6.0,269.0,371.0,23.0,10.0,271.0,366.0,23.0,9.0,271.0,363.0,22.0,8.0,123.0,176.0,20.0,7.0,118.0,172.0,21.0,11.0,118.0,170.0,21.0,11.0,118.0,165.0,20.0,11.0,77.0,112.0,22,8.0,88.0,121.0,23.0,11.0,88.0,118.0,22.0,9.0,89.0,120.0,21.0,8.0,62.0,78.0,29.18297043,2.322522401,64.0,78.0,29.0,5.0,64.0,78.0,28.0,4.0,64.0,78.0,28.0,4.0,21.0,Singapore,91,2020-W40,False,0.46946564885496184,0.29389312977099236,0.2366412213740458
Singapore,2020.0,41.0,10.0,268.0,362.0,26.0,11.0,265.0,368.0,24.0,9.0,270.0,366.0,24.0,9.0,270.0,363.0,23.0,9.0,102.0,156.0,21.0,13.0,113.0,168.0,21.0,10.0,116.0,168.0,21.0,11.0,117.0,166.0,20.0,11.0,92.0,122.0,26,12.0,86.0,120.0,23.0,10.0,88.0,119.0,23.0,10.0,89.0,119.0,22.0,9.0,74.0,84.0,32.82233108,5.945521772,67.0,79.0,30.0,4.0,66.0,80.0,29.0,5.0,65.0,78.0,28.0,4.0,23.0,Singapore,92,2020-W41,False,0.3805970149253731,0.34328358208955223,0.27611940298507465
Singapore,2020.0,42.0,10.0,262.0,373.0,26.0,16.0,265.0,368.0,25.0,10.0,269.0,369.0,24.0,10.0,270.0,365.0,23.0,9.0,110.0,161.0,23.0,19.0,112.0,166.0,21.0,12.0,114.0,167.0,21.0,12.0,115.0,166.0,20.0,12.0,89.0,128.0,26,20.0,87.0,121.0,24.0,12.0,88.0,121.0,23.0,12.0,89.0,120.0,22.0,10.0,63.0,84.0,32.60686067,5.92617284,66.0,81.0,31.0,4.0,67.0,81.0,30.0,5.0,66.0,80.0,29.0,4.0,23.0,Singapore,93,2020-W42,False,0.4198473282442748,0.33969465648854963,0.24045801526717558
Singapore,2020.0,43.0,10.0,251.0,370.0,28.0,19.0,261.0,368.0,26.0,13.0,265.0,369.0,25.0,12.0,268.0,366.0,24.0,10.0,104.0,166.0,24.0,19.0,110.0,165.0,22.0,15.0,112.0,167.0,21.0,13.0,114.0,166.0,21.0,12.0,82.0,121.0,28,28.0,85.0,121.0,25.0,17.0,87.0,121.0,24.0,14.0,88.0,120.0,23.0,11.0,65.0,83.0,34.00767949,8.35667094,66.0,82.0,32.0,6.0,66.0,80.0,31.0,6.0,65.0,80.0,29.0,5.0,22.0,Singapore,94,2020-W43,False,0.41434262948207173,0.32669322709163345,0.2589641434262948
Singapore,2020.0,44.0,10.0,222.0,345.0,25.0,17.0,251.0,363.0,26.0,16.0,260.0,367.0,25.0,13.0,264.0,365.0,24.0,11.0,89.0,145.0,23.0,21.0,101.0,157.0,23.0,18.0,110.0,164.0,22.0,15.0,113.0,165.0,21.0,13.0,77.0,126.0,25,20.0,85.0,124.0,26.0,20.0,86.0,123.0,25.0,16.0,87.0,120.0,23.0,13.0,56.0,74.0,29.68922619,7.201537698,65.0,81.0,32.0,7.0,64.0,80.0,31.0,6.0,64.0,79.0,30.0,5.0,21.0,Singapore,95,2020-W44,False,0.4009009009009009,0.34684684684684686,0.25225225225225223
Singapore,2020.0,45.0,11.0,278.0,349.0,28.0,17.0,253.0,359.0,27.0,17.0,259.0,363.0,26.0,13.0,264.0,363.0,25.0,12.0,113.0,148.0,24.0,20.0,104.0,155.0,23.0,20.0,109.0,162.0,22.0,15.0,112.0,163.0,22.0,14.0,96.0,122.0,28,19.0,86.0,124.0,27.0,22.0,86.0,122.0,25.0,16.0,88.0,120.0,24.0,14.0,69.0,79.0,36.68943639,7.619714171,63.0,80.0,33.0,7.0,65.0,80.0,32.0,6.0,65.0,80.0,30.0,5.0,23.0,Singapore,96,2020-W45,False,0.4064748201438849,0.34532374100719426,0.24820143884892087
Singapore,2020.0,46.0,11.0,246.0,355.0,26.0,22.0,249.0,355.0,27.0,19.0,257.0,361.0,26.0,15.0,262.0,364.0,25.0,13.0,98.0,143.0,23.0,26.0,101.0,151.0,24.0,21.0,107.0,158.0,22.0,17.0,110.0,162.0,22.0,15.0,85.0,128.0,27,29.0,85.0,124.0,27.0,24.0,86.0,123.0,26.0,18.0,87.0,122.0,24.0,16.0,63.0,84.0,30.82089947,8.374828042,63.0,80.0,33.0,8.0,64.0,80.0,32.0,6.0,65.0,81.0,31.0,6.0,24.0,Singapore,97,2020-W46,False,0.3983739837398374,0.34552845528455284,0.25609756097560976
Singapore,2020.0,47.0,11.0,240.0,361.0,29.0,14.0,247.0,353.0,27.0,18.0,254.0,360.0,27.0,15.0,259.0,363.0,26.0,14.0,95.0,160.0,27.0,16.0,99.0,149.0,24.0,21.0,104.0,157.0,23.0,18.0,108.0,161.0,22.0,16.0,78.0,121.0,28,17.0,84.0,124.0,27.0,21.0,85.0,123.0,26.0,19.0,86.0,122.0,25.0,16.0,67.0,80.0,35.36390547,8.75305141,64.0,79.0,33.0,8.0,65.0,81.0,33.0,7.0,65.0,80.0,31.0,6.0,22.0,Singapore,98,2020-W47,False,0.3958333333333333,0.325,0.2791666666666667
Singapore,2020.0,48.0,11.0,242.0,351.0,27.0,13.0,252.0,354.0,28.0,17.0,251.0,358.0,27.0,16.0,257.0,362.0,26.0,14.0,100.0,148.0,23.0,17.0,102.0,150.0,24.0,20.0,101.0,153.0,24.0,19.0,107.0,160.0,23.0,16.0,78.0,118.0,27,15.0,84.0,122.0,27.0,20.0,85.0,123.0,27.0,20.0,86.0,123.0,25.0,17.0,64.0,85.0,33.63999566,3.373927951,66.0,82.0,34.0,7.0,65.0,82.0,33.0,7.0,65.0,80.0,32.0,6.0,24.0,Singapore,99,2020-W48,False,0.4132231404958678,0.32231404958677684,0.2644628099173554
Singapore,2020.0,49.0,12.0,227.0,310.0,27.0,7.0,239.0,344.0,27.0,14.0,246.0,352.0,27.0,16.0,252.0,357.0,26.0,13.0,90.0,131.0,24.0,6.0,96.0,146.0,24.0,16.0,100.0,150.0,24.0,18.0,104.0,156.0,23.0,15.0,73.0,95.0,24,10.0,79.0,116.0,26.0,18.0,82.0,120.0,27.0,20.0,83.0,120.0,25.0,17.0,64.0,84.0,32.76171441,3.788793403,65.0,83.0,33.0,6.0,64.0,82.0,33.0,7.0,65.0,81.0,32.0,6.0,27.0,Singapore,100,2020-W49,False,0.3964757709251101,0.32158590308370044,0.28193832599118945
Singapore,2020.0,50.0,12.0,240.0,314.0,27.0,7.0,237.0,334.0,28.0,10.0,243.0,344.0,27.0,14.0,250.0,352.0,26.0,13.0,92.0,129.0,25.0,9.0,94.0,142.0,25.0,12.0,98.0,146.0,24.0,17.0,102.0,153.0,23.0,15.0,82.0,103.0,27,6.0,78.0,109.0,26.0,12.0,81.0,117.0,27.0,18.0,83.0,118.0,26.0,16.0,66.0,82.0,31.31994529,3.72043771,65.0,83.0,33.0,5.0,64.0,81.0,33.0,6.0,65.0,81.0,32.0,6.0,26.0,Singapore,101,2020-W50,False,0.38333333333333336,0.3416666666666667,0.275
Singapore,2020.0,51.0,12.0,243.0,305.0,28.0,6.0,238.0,320.0,27.0,8.0,242.0,336.0,27.0,13.0,248.0,347.0,27.0,13.0,100.0,130.0,26.0,8.0,96.0,135.0,25.0,10.0,97.0,142.0,24.0,15.0,101.0,149.0,24.0,15.0,82.0,101.0,27,6.0,79.0,104.0,26.0,9.0,81.0,114.0,27.0,15.0,83.0,116.0,26.0,16.0,61.0,74.0,33.24541894,4.10897541,64.0,81.0,33.0,4.0,64.0,80.0,33.0,6.0,65.0,81.0,33.0,6.0,24.0,Singapore,102,2020-W51,False,0.411522633744856,0.3374485596707819,0.25102880658436216
Singapore,2020.0,52.0,12.0,252.0,323.0,27.0,9.0,241.0,313.0,27.0,7.0,246.0,334.0,28.0,12.0,248.0,343.0,27.0,13.0,107.0,141.0,24.0,10.0,97.0,133.0,25.0,8.0,99.0,141.0,24.0,14.0,100.0,147.0,24.0,15.0,83.0,109.0,26,8.0,80.0,102.0,26.0,7.0,82.0,112.0,27.0,14.0,83.0,116.0,27.0,16.0,62.0,73.0,32.59758065,7.530896057,63.0,78.0,32.0,5.0,65.0,80.0,33.0,6.0,65.0,81.0,33.0,6.0,23.0,Singapore,103,2020-W52,False,0.4246031746031746,0.32936507936507936,0.24603174603174602
Singapore,2020.0,53.0,12.0,114.0,201.0,22.0,4.0,212.0,286.0,26.0,6.0,226.0,315.0,27.0,10.0,235.0,330.0,27.0,13.0,41.0,84.0,19.0,6.0,85.0,121.0,23.0,8.0,90.0,133.0,24.0,12.0,95.0,141.0,24.0,15.0,37.0,66.0,21,2.0,71.0,95.0,25.0,5.0,75.0,105.0,26.0,12.0,79.0,112.0,26.0,15.0,36.0,51.0,25.11479938,2.054174383,56.0,70.0,31.0,4.0,60.0,77.0,32.0,5.0,61.0,78.0,32.0,6.0,25.0,Singapore,104,2020-W53,False,0.35964912280701755,0.32456140350877194,0.3157894736842105
Singapore,2021.0,1.0,1.0,243.0,322.0,27.0,9.0,213.0,288.0,26.0,7.0,225.0,311.0,27.0,9.0,233.0,326.0,27.0,12.0,101.0,140.0,24.0,9.0,87.0,124.0,23.0,8.0,91.0,133.0,24.0,10.0,94.0,139.0,24.0,14.0,82.0,105.0,25,13.0,71.0,95.0,25.0,7.0,74.0,102.0,26.0,10.0,78.0,110.0,26.0,14.0,60.0,77.0,33.26994444,4.500796296,55.0,69.0,31.0,5.0,60.0,76.0,32.0,5.0,61.0,77.0,32.0,6.0,24.0,Singapore,105,2021-W01,False,0.4156378600823045,0.3374485596707819,0.24691358024691357
Singapore,2021.0,2.0,1.0,239.0,311.0,28.0,13.0,212.0,289.0,26.0,9.0,225.0,305.0,26.0,8.0,232.0,321.0,27.0,11.0,90.0,121.0,24.0,18.0,85.0,122.0,23.0,11.0,90.0,128.0,24.0,10.0,93.0,135.0,24.0,14.0,85.0,108.0,26,15.0,72.0,97.0,25.0,10.0,75.0,101.0,25.0,9.0,78.0,109.0,26.0,13.0,64.0,82.0,33.73365017,3.457582465,56.0,71.0,31.0,4.0,60.0,76.0,32.0,4.0,61.0,77.0,32.0,5.0,26.0,Singapore,106,2021-W02,False,0.37656903765690375,0.35564853556485354,0.26778242677824265
Singapore,2021.0,3.0,1.0,257.0,336.0,27.0,17.0,213.0,293.0,26.0,11.0,227.0,303.0,26.0,9.0,235.0,320.0,27.0,11.0,109.0,140.0,24.0,21.0,85.0,121.0,23.0,14.0,91.0,127.0,24.0,11.0,95.0,135.0,24.0,14.0,81.0,111.0,26,17.0,71.0,98.0,25.0,12.0,76.0,100.0,25.0,10.0,79.0,107.0,26.0,13.0,67.0,85.0,33.40766169,8.64108209,57.0,74.0,31.0,5.0,60.0,76.0,32.0,5.0,62.0,78.0,33.0,5.0,25.0,Singapore,107,2021-W03,False,0.42412451361867703,0.3151750972762646,0.2607003891050584
Singapore,2021.0,4.0,1.0,238.0,342.0,26.0,15.0,244.0,328.0,27.0,14.0,228.0,307.0,26.0,10.0,232.0,319.0,27.0,11.0,98.0,147.0,23.0,17.0,100.0,137.0,24.0,16.0,92.0,129.0,24.0,12.0,93.0,135.0,24.0,14.0,80.0,114.0,27,19.0,82.0,110.0,26.0,16.0,77.0,102.0,26.0,11.0,77.0,107.0,26.0,13.0,60.0,81.0,30.83199537,8.608856481,63.0,81.0,33.0,6.0,60.0,76.0,32.0,5.0,61.0,78.0,32.0,6.0,24.0,Singapore,108,2021-W04,False,0.4117647058823529,0.33613445378151263,0.25210084033613445
Singapore,2021.0,5.0,1.0,256.0,354.0,27.0,13.0,248.0,336.0,27.0,15.0,230.0,312.0,26.0,11.0,233.0,319.0,27.0,11.0,100.0,146.0,26.0,15.0,99.0,139.0,24.0,18.0,93.0,131.0,24.0,13.0,94.0,135.0,24.0,13.0,93.0,126.0,25,16.0,85.0,115.0,26.0,17.0,78.0,105.0,25.0,12.0,78.0,106.0,26.0,12.0,63.0,82.0,32.15746032,7.596424162,64.0,83.0,33.0,7.0,59.0,76.0,32.0,6.0,61.0,78.0,32.0,6.0,23.0,Singapore,109,2021-W05,False,0.390625,0.36328125,0.24609375
Singapore,2021.0,6.0,2.0,247.0,341.0,27.0,12.0,250.0,343.0,27.0,14.0,231.0,316.0,26.0,12.0,233.0,318.0,27.0,10.0,116.0,158.0,25.0,17.0,106.0,148.0,24.0,17.0,95.0,135.0,24.0,14.0,95.0,135.0,24.0,13.0,72.0,106.0,27,12.0,82.0,114.0,26.0,16.0,77.0,106.0,25.0,13.0,77.0,105.0,26.0,12.0,59.0,77.0,30.97044727,3.424774011,62.0,81.0,32.0,7.0,59.0,76.0,32.0,6.0,61.0,78.0,32.0,5.0,23.0,Singapore,110,2021-W06,False,0.46963562753036436,0.291497975708502,0.2388663967611336
Singapore,2021.0,7.0,2.0,271.0,361.0,27.0,16.0,253.0,350.0,27.0,14.0,233.0,321.0,26.0,12.0,236.0,318.0,27.0,11.0,111.0,157.0,25.0,19.0,106.0,152.0,25.0,17.0,96.0,137.0,24.0,15.0,96.0,135.0,24.0,13.0,94.0,123.0,26,19.0,85.0,117.0,26.0,16.0,78.0,107.0,25.0,14.0,79.0,106.0,26.0,12.0,66.0,81.0,31.08309764,6.22844697,62.0,80.0,31.0,6.0,59.0,77.0,31.0,6.0,61.0,77.0,32.0,5.0,22.0,Singapore,111,2021-W07,False,0.4095940959409594,0.34686346863468637,0.24354243542435425
Singapore,2021.0,8.0,2.0,253.0,371.0,27.0,21.0,257.0,357.0,27.0,16.0,251.0,342.0,27.0,15.0,238.0,323.0,27.0,12.0,99.0,157.0,23.0,24.0,107.0,155.0,25.0,19.0,103.0,146.0,24.0,17.0,97.0,138.0,24.0,14.0,92.0,136.0,26,24.0,88.0,123.0,26.0,18.0,85.0,116.0,26.0,17.0,80.0,109.0,26.0,13.0,62.0,78.0,32.47111559,9.640103047,63.0,80.0,32.0,7.0,63.0,80.0,32.0,7.0,61.0,77.0,32.0,6.0,21.0,Singapore,112,2021-W08,False,0.391304347826087,0.36363636363636365,0.2450592885375494
Singapore,2021.0,9.0,2.0,244.0,355.0,28.0,18.0,254.0,357.0,27.0,17.0,251.0,346.0,27.0,16.0,238.0,327.0,27.0,13.0,113.0,165.0,25.0,23.0,110.0,159.0,25.0,21.0,105.0,149.0,24.0,19.0,99.0,141.0,24.0,16.0,75.0,113.0,27,19.0,83.0,120.0,26.0,18.0,84.0,117.0,26.0,18.0,80.0,110.0,26.0,14.0,56.0,77.0,33.53424107,6.304389881,61.0,78.0,32.0,6.0,62.0,80.0,32.0,7.0,60.0,77.0,32.0,6.0,22.0,Singapore,113,2021-W09,False,0.46311475409836067,0.3073770491803279,0.22950819672131148
Singapore,2021.0,10.0,3.0,237.0,351.0,28.0,15.0,251.0,360.0,27.0,17.0,250.0,351.0,27.0,16.0,238.0,331.0,27.0,14.0,95.0,153.0,25.0,20.0,105.0,158.0,25.0,22.0,105.0,153.0,25.0,20.0,98.0,142.0,24.0,17.0,76.0,113.0,28,18.0,84.0,121.0,27.0,20.0,83.0,118.0,26.0,18.0,79.0,111.0,26.0,15.0,66.0,85.0,32.031633,5.144654882,63.0,80.0,32.0,7.0,62.0,81.0,32.0,7.0,60.0,77.0,32.0,6.0,24.0,Singapore,114,2021-W10,False,0.4008438818565401,0.3206751054852321,0.27848101265822783
Singapore,2021.0,11.0,3.0,244.0,345.0,27.0,9.0,245.0,356.0,27.0,16.0,249.0,353.0,27.0,15.0,237.0,333.0,27.0,14.0,97.0,144.0,27.0,13.0,101.0,155.0,25.0,20.0,104.0,153.0,25.0,19.0,98.0,143.0,24.0,17.0,87.0,121.0,23,8.0,83.0,121.0,26.0,17.0,84.0,119.0,26.0,17.0,80.0,112.0,25.0,15.0,60.0,80.0,31.56751389,5.194833333,61.0,80.0,32.0,7.0,62.0,80.0,32.0,7.0,60.0,78.0,32.0,6.0,23.0,Singapore,115,2021-W11,False,0.3975409836065574,0.35655737704918034,0.2459016393442623
Singapore,2021.0,12.0,3.0,255.0,345.0,26.0,7.0,245.0,349.0,27.0,12.0,251.0,353.0,27.0,14.0,249.0,345.0,27.0,14.0,107.0,146.0,24.0,9.0,103.0,152.0,25.0,16.0,105.0,153.0,25.0,18.0,103.0,148.0,25.0,17.0,91.0,124.0,24,7.0,82.0,118.0,26.0,13.0,85.0,120.0,26.0,15.0,84.0,117.0,26.0,16.0,57.0,75.0,31.67499513,3.308903509,60.0,79.0,32.0,5.0,61.0,79.0,32.0,6.0,62.0,80.0,32.0,6.0,22.0,Singapore,116,2021-W12,False,0.4196078431372549,0.3568627450980392,0.2235294117647059
Singapore,2021.0,13.0,3.0,236.0,333.0,28.0,8.0,243.0,344.0,27.0,10.0,248.0,350.0,27.0,13.0,248.0,345.0,27.0,14.0,100.0,145.0,26.0,8.0,100.0,147.0,25.0,13.0,105.0,153.0,25.0,17.0,103.0,148.0,25.0,17.0,77.0,113.0,27,10.0,83.0,118.0,26.0,11.0,83.0,119.0,26.0,15.0,84.0,117.0,26.0,15.0,59.0,75.0,33.00686441,4.458079096,61.0,79.0,32.0,5.0,61.0,79.0,32.0,5.0,62.0,80.0,32.0,6.0,23.0,Singapore,117,2021-W13,False,0.423728813559322,0.326271186440678,0.25
Singapore,2021.0,14.0,3.0,249.0,347.0,31.0,11.0,246.0,343.0,28.0,9.0,249.0,351.0,28.0,13.0,249.0,348.0,27.0,14.0,110.0,153.0,34.0,14.0,104.0,147.0,28.0,11.0,104.0,153.0,26.0,16.0,105.0,151.0,26.0,17.0,91.0,129.0,26,12.0,87.0,122.0,25.0,9.0,85.0,122.0,26.0,15.0,84.0,119.0,26.0,15.0,48.0,65.0,33.75564236,2.024178241,56.0,74.0,33.0,4.0,59.0,77.0,32.0,5.0,60.0,78.0,32.0,6.0,19.0,Singapore,118,2021-W14,False,0.44176706827309237,0.3654618473895582,0.1927710843373494
Singapore,2021.0,15.0,4.0,239.0,342.0,28.0,12.0,245.0,342.0,28.0,9.0,245.0,349.0,28.0,13.0,247.0,349.0,27.0,13.0,101.0,159.0,26.0,19.0,105.0,151.0,28.0,12.0,103.0,153.0,26.0,16.0,104.0,153.0,26.0,17.0,75.0,102.0,25,11.0,84.0,117.0,26.0,10.0,83.0,119.0,26.0,14.0,84.0,118.0,26.0,15.0,63.0,81.0,32.42061728,3.257945326,57.0,74.0,33.0,3.0,59.0,77.0,33.0,5.0,60.0,78.0,32.0,5.0,24.0,Singapore,119,2021-W15,False,0.4225941422594142,0.3138075313807531,0.26359832635983266
Singapore,2021.0,16.0,4.0,246.0,347.0,28.0,16.0,243.0,342.0,29.0,12.0,244.0,346.0,28.0,12.0,248.0,349.0,28.0,13.0,97.0,149.0,28.0,22.0,102.0,152.0,28.0,16.0,103.0,152.0,27.0,16.0,104.0,153.0,26.0,17.0,83.0,112.0,26,17.0,82.0,114.0,26.0,12.0,82.0,116.0,26.0,13.0,84.0,118.0,26.0,14.0,66.0,86.0,31.42881313,6.365164141,59.0,77.0,33.0,4.0,59.0,78.0,32.0,5.0,60.0,79.0,32.0,5.0,25.0,Singapore,120,2021-W16,False,0.3943089430894309,0.33739837398373984,0.2682926829268293
Singapore,2021.0,17.0,4.0,232.0,346.0,29.0,15.0,242.0,346.0,29.0,13.0,242.0,345.0,28.0,12.0,246.0,349.0,28.0,13.0,89.0,147.0,26.0,20.0,99.0,152.0,29.0,19.0,100.0,150.0,27.0,16.0,103.0,153.0,26.0,17.0,86.0,121.0,29,15.0,84.0,116.0,27.0,14.0,83.0,117.0,26.0,12.0,83.0,118.0,26.0,14.0,57.0,78.0,35.28823099,6.260984405,59.0,78.0,33.0,4.0,60.0,78.0,33.0,5.0,60.0,78.0,32.0,5.0,23.0,Singapore,121,2021-W17,False,0.38362068965517243,0.3706896551724138,0.24568965517241378
Singapore,2021.0,18.0,4.0,237.0,341.0,28.0,26.0,239.0,344.0,28.0,17.0,242.0,343.0,28.0,13.0,245.0,349.0,28.0,14.0,98.0,149.0,27.0,36.0,96.0,151.0,27.0,24.0,100.0,149.0,27.0,18.0,101.0,152.0,26.0,19.0,78.0,115.0,25,28.0,81.0,113.0,26.0,18.0,84.0,117.0,26.0,13.0,84.0,119.0,26.0,16.0,61.0,77.0,34.00545993,6.142067395,62.0,81.0,33.0,6.0,59.0,77.0,33.0,5.0,60.0,78.0,33.0,5.0,23.0,Singapore,122,2021-W18,True,0.41350210970464135,0.3291139240506329,0.25738396624472576
Singapore,2021.0,19.0,5.0,224.0,355.0,30.0,31.0,235.0,347.0,29.0,22.0,240.0,345.0,29.0,16.0,241.0,348.0,28.0,16.0,85.0,140.0,28.0,39.0,92.0,146.0,27.0,29.0,98.0,149.0,27.0,21.0,99.0,151.0,27.0,21.0,77.0,130.0,29,34.0,81.0,120.0,27.0,24.0,82.0,118.0,27.0,17.0,82.0,119.0,26.0,17.0,62.0,85.0,33.24057796,15.07051523,62.0,82.0,33.0,8.0,59.0,78.0,33.0,6.0,60.0,79.0,33.0,6.0,24.0,Singapore,123,2021-W19,True,0.3794642857142857,0.34375,0.2767857142857143
Singapore,2021.0,20.0,5.0,220.0,343.0,31.0,16.0,228.0,346.0,30.0,22.0,235.0,344.0,29.0,17.0,239.0,346.0,28.0,15.0,87.0,146.0,28.0,23.0,90.0,146.0,28.0,30.0,96.0,149.0,28.0,23.0,98.0,150.0,27.0,21.0,70.0,114.0,28,19.0,78.0,120.0,28.0,24.0,80.0,117.0,27.0,18.0,81.0,117.0,27.0,16.0,63.0,83.0,36.30864638,4.654805996,61.0,81.0,35.0,8.0,60.0,79.0,34.0,6.0,60.0,79.0,33.0,6.0,24.0,Singapore,124,2021-W20,False,0.39545454545454545,0.3181818181818182,0.2863636363636364
Singapore,2021.0,21.0,5.0,206.0,315.0,31.0,8.0,222.0,339.0,30.0,20.0,232.0,342.0,30.0,17.0,235.0,343.0,29.0,15.0,87.0,141.0,33.0,11.0,89.0,144.0,29.0,27.0,94.0,148.0,29.0,23.0,96.0,148.0,28.0,19.0,65.0,98.0,28,10.0,73.0,114.0,28.0,23.0,78.0,115.0,27.0,18.0,80.0,116.0,27.0,16.0,54.0,76.0,32.0917284,2.013101852,60.0,80.0,34.0,7.0,59.0,79.0,34.0,6.0,60.0,79.0,33.0,5.0,24.0,Singapore,125,2021-W21,False,0.4223300970873786,0.3155339805825243,0.2621359223300971
Singapore,2021.0,22.0,5.0,231.0,309.0,30.0,7.0,220.0,331.0,30.0,16.0,229.0,337.0,29.0,16.0,235.0,339.0,29.0,14.0,107.0,151.0,28.0,9.0,92.0,145.0,29.0,21.0,94.0,148.0,28.0,22.0,97.0,148.0,28.0,19.0,69.0,90.0,27,8.0,70.0,108.0,28.0,18.0,75.0,110.0,27.0,18.0,79.0,114.0,27.0,15.0,55.0,68.0,36.83307576,2.434686869,59.0,78.0,35.0,6.0,60.0,79.0,34.0,6.0,59.0,77.0,33.0,5.0,22.0,Singapore,126,2021-W22,False,0.46320346320346323,0.2987012987012987,0.23809523809523808
Singapore,2021.0,23.0,6.0,236.0,303.0,29.0,10.0,223.0,318.0,30.0,10.0,229.0,332.0,30.0,16.0,234.0,336.0,29.0,14.0,105.0,139.0,27.0,10.0,97.0,144.0,29.0,13.0,94.0,145.0,28.0,21.0,98.0,147.0,28.0,18.0,63.0,82.0,29,13.0,67.0,96.0,28.0,12.0,74.0,108.0,28.0,18.0,77.0,111.0,27.0,15.0,68.0,82.0,33.78518791,7.784199346,60.0,77.0,35.0,4.0,61.0,79.0,34.0,6.0,59.0,78.0,34.0,5.0,27.0,Singapore,127,2021-W23,False,0.4449152542372881,0.2669491525423729,0.288135593220339
Singapore,2021.0,24.0,6.0,227.0,303.0,31.0,15.0,225.0,308.0,30.0,10.0,227.0,327.0,30.0,16.0,232.0,332.0,30.0,15.0,93.0,132.0,29.0,19.0,98.0,141.0,29.0,12.0,94.0,143.0,28.0,21.0,97.0,146.0,28.0,19.0,77.0,96.0,31,18.0,69.0,92.0,29.0,12.0,73.0,106.0,28.0,18.0,76.0,109.0,28.0,16.0,57.0,75.0,35.17582846,6.093450292,59.0,75.0,34.0,5.0,60.0,78.0,35.0,6.0,59.0,78.0,34.0,6.0,25.0,Singapore,128,2021-W24,False,0.40969162995594716,0.3392070484581498,0.2511013215859031
Singapore,2021.0,25.0,6.0,236.0,314.0,30.0,16.0,233.0,307.0,30.0,12.0,227.0,323.0,30.0,16.0,232.0,330.0,30.0,15.0,102.0,139.0,29.0,22.0,102.0,140.0,28.0,15.0,96.0,142.0,29.0,21.0,97.0,145.0,29.0,20.0,73.0,100.0,28,17.0,71.0,92.0,29.0,14.0,72.0,103.0,28.0,18.0,76.0,107.0,28.0,17.0,61.0,75.0,36.30964936,5.936680328,60.0,75.0,36.0,6.0,60.0,78.0,35.0,6.0,60.0,78.0,34.0,6.0,24.0,Singapore,129,2021-W25,False,0.4322033898305085,0.3093220338983051,0.2584745762711864
Singapore,2021.0,26.0,6.0,221.0,324.0,32.0,26.0,230.0,311.0,31.0,17.0,225.0,321.0,31.0,16.0,230.0,329.0,30.0,17.0,94.0,143.0,30.0,36.0,99.0,138.0,29.0,22.0,95.0,141.0,29.0,21.0,95.0,145.0,28.0,22.0,61.0,94.0,30,29.0,69.0,93.0,29.0,19.0,69.0,101.0,29.0,18.0,73.0,105.0,28.0,18.0,66.0,87.0,35.96722643,9.94043771,63.0,80.0,35.0,7.0,61.0,79.0,35.0,7.0,61.0,79.0,34.0,6.0,27.0,Singapore,130,2021-W26,True,0.4253393665158371,0.27601809954751133,0.2986425339366516
Singapore,2021.0,27.0,6.0,213.0,327.0,32.0,26.0,224.0,317.0,31.0,21.0,224.0,317.0,31.0,16.0,227.0,327.0,30.0,18.0,87.0,141.0,30.0,29.0,94.0,139.0,29.0,27.0,95.0,142.0,29.0,20.0,94.0,143.0,29.0,23.0,69.0,102.0,28,31.0,70.0,98.0,29.0,24.0,68.0,97.0,29.0,18.0,73.0,105.0,28.0,20.0,57.0,84.0,42.03845029,14.20346491,60.0,80.0,37.0,9.0,60.0,79.0,36.0,7.0,61.0,80.0,35.0,7.0,26.0,Singapore,131,2021-W27,True,0.4084507042253521,0.323943661971831,0.2676056338028169
Singapore,2021.0,28.0,7.0,227.0,337.0,32.0,30.0,224.0,326.0,31.0,25.0,225.0,317.0,31.0,17.0,226.0,326.0,31.0,19.0,92.0,139.0,30.0,42.0,94.0,141.0,30.0,32.0,96.0,141.0,29.0,22.0,94.0,142.0,29.0,25.0,78.0,115.0,30,26.0,70.0,103.0,29.0,26.0,69.0,97.0,29.0,19.0,72.0,105.0,28.0,21.0,57.0,83.0,36.4334308,14.78684698,60.0,82.0,38.0,11.0,59.0,79.0,36.0,8.0,60.0,79.0,36.0,8.0,25.0,Singapore,132,2021-W28,True,0.4052863436123348,0.3436123348017621,0.2511013215859031
Singapore,2021.0,29.0,7.0,224.0,339.0,31.0,32.0,221.0,332.0,32.0,29.0,227.0,320.0,31.0,20.0,225.0,326.0,31.0,20.0,96.0,146.0,29.0,37.0,92.0,142.0,30.0,36.0,97.0,141.0,29.0,26.0,94.0,142.0,29.0,26.0,73.0,114.0,30,38.0,70.0,106.0,29.0,31.0,70.0,99.0,29.0,22.0,71.0,104.0,29.0,23.0,55.0,79.0,35.90362626,15.6789596,59.0,83.0,38.0,14.0,60.0,79.0,37.0,10.0,60.0,80.0,36.0,9.0,23.0,Singapore,133,2021-W29,True,0.42857142857142855,0.32589285714285715,0.24553571428571427
Singapore,2021.0,30.0,7.0,191.0,324.0,32.0,25.0,214.0,332.0,32.0,28.0,222.0,321.0,31.0,23.0,221.0,324.0,31.0,20.0,83.0,155.0,29.0,31.0,90.0,145.0,30.0,35.0,94.0,142.0,29.0,28.0,93.0,143.0,29.0,26.0,62.0,104.0,30,27.0,71.0,109.0,29.0,31.0,70.0,101.0,29.0,25.0,70.0,103.0,29.0,23.0,46.0,65.0,38.73733696,12.64085145,54.0,78.0,38.0,14.0,58.0,79.0,37.0,11.0,58.0,79.0,36.0,9.0,20.0,Singapore,134,2021-W30,True,0.43455497382198954,0.32460732984293195,0.24083769633507854
Singapore,2021.0,31.0,7.0,192.0,307.0,31.0,12.0,209.0,327.0,31.0,25.0,216.0,322.0,31.0,23.0,219.0,320.0,31.0,19.0,81.0,140.0,28.0,12.0,88.0,145.0,29.0,30.0,91.0,142.0,29.0,29.0,93.0,143.0,29.0,23.0,52.0,91.0,30,12.0,66.0,106.0,30.0,26.0,68.0,102.0,29.0,25.0,68.0,100.0,29.0,21.0,59.0,76.0,35.38643126,11.4285452,54.0,76.0,37.0,14.0,57.0,78.0,37.0,11.0,58.0,78.0,36.0,9.0,25.0,Singapore,135,2021-W31,False,0.421875,0.2708333333333333,0.3072916666666667
Singapore,2021.0,32.0,8.0,208.0,287.0,31.0,9.0,204.0,314.0,31.0,20.0,214.0,320.0,31.0,22.0,218.0,316.0,31.0,18.0,93.0,131.0,29.0,12.0,88.0,143.0,29.0,23.0,91.0,142.0,29.0,28.0,93.0,141.0,29.0,23.0,58.0,81.0,29,8.0,61.0,98.0,30.0,21.0,66.0,100.0,29.0,24.0,67.0,97.0,29.0,20.0,57.0,75.0,38.05508285,4.815716374,54.0,74.0,37.0,11.0,57.0,78.0,37.0,11.0,58.0,77.0,36.0,9.0,26.0,Singapore,136,2021-W32,False,0.44711538461538464,0.27884615384615385,0.27403846153846156
Singapore,2021.0,33.0,8.0,209.0,295.0,30.0,12.0,200.0,303.0,31.0,14.0,211.0,318.0,31.0,21.0,218.0,314.0,31.0,18.0,88.0,131.0,26.0,14.0,86.0,139.0,28.0,17.0,89.0,141.0,29.0,27.0,93.0,141.0,29.0,23.0,63.0,86.0,29,13.0,59.0,91.0,29.0,15.0,65.0,98.0,29.0,23.0,67.0,96.0,29.0,20.0,58.0,78.0,35.79711207,5.396072797,55.0,74.0,37.0,9.0,57.0,78.0,37.0,11.0,58.0,77.0,37.0,9.0,26.0,Singapore,137,2021-W33,False,0.42105263157894735,0.3014354066985646,0.27751196172248804
Singapore,2021.0,34.0,8.0,199.0,290.0,27.0,7.0,202.0,295.0,30.0,10.0,208.0,313.0,31.0,19.0,215.0,313.0,31.0,18.0,90.0,131.0,24.0,6.0,88.0,133.0,27.0,11.0,89.0,139.0,28.0,23.0,92.0,139.0,28.0,23.0,58.0,89.0,25,11.0,58.0,87.0,28.0,11.0,64.0,98.0,29.0,21.0,66.0,96.0,29.0,20.0,51.0,70.0,36.3969281,4.348763617,56.0,75.0,36.0,6.0,55.0,76.0,37.0,10.0,58.0,77.0,37.0,9.0,24.0,Singapore,138,2021-W34,False,0.45226130653266333,0.2914572864321608,0.2562814070351759
Singapore,2021.0,35.0,8.0,239.0,306.0,41.0,9.0,214.0,295.0,33.0,9.0,211.0,311.0,32.0,17.0,216.0,313.0,32.0,18.0,102.0,133.0,58.0,11.0,93.0,132.0,34.0,11.0,91.0,138.0,32.0,21.0,92.0,138.0,31.0,23.0,79.0,103.0,27,8.0,65.0,90.0,28.0,10.0,65.0,98.0,29.0,18.0,67.0,98.0,29.0,20.0,58.0,70.0,31.4933046,6.00940613,56.0,73.0,35.0,5.0,55.0,75.0,36.0,9.0,57.0,76.0,36.0,9.0,23.0,Singapore,139,2021-W35,False,0.42677824267782427,0.3305439330543933,0.24267782426778242
Singapore,2021.0,36.0,9.0,217.0,312.0,29.0,12.0,216.0,301.0,32.0,10.0,210.0,308.0,32.0,15.0,215.0,314.0,32.0,18.0,101.0,144.0,25.0,13.0,95.0,135.0,33.0,11.0,92.0,139.0,31.0,17.0,92.0,139.0,31.0,22.0,60.0,91.0,29,11.0,65.0,92.0,28.0,11.0,63.0,95.0,29.0,16.0,66.0,98.0,29.0,19.0,56.0,77.0,37.64000496,10.76337302,56.0,74.0,35.0,7.0,55.0,74.0,36.0,9.0,57.0,77.0,37.0,10.0,25.0,Singapore,140,2021-W36,False,0.46543778801843316,0.2764976958525346,0.25806451612903225
Singapore,2021.0,37.0,9.0,208.0,286.0,30.0,12.0,216.0,299.0,32.0,10.0,208.0,301.0,31.0,12.0,212.0,311.0,32.0,18.0,88.0,128.0,26.0,14.0,95.0,134.0,33.0,11.0,91.0,137.0,31.0,14.0,91.0,139.0,30.0,21.0,63.0,86.0,28,14.0,65.0,92.0,27.0,11.0,62.0,91.0,28.0,13.0,65.0,96.0,29.0,19.0,57.0,72.0,36.96710526,7.249707602,56.0,72.0,36.0,7.0,55.0,73.0,36.0,8.0,56.0,76.0,37.0,10.0,25.0,Singapore,141,2021-W37,False,0.4230769230769231,0.30288461538461536,0.27403846153846156
Singapore,2021.0,38.0,9.0,219.0,300.0,30.0,12.0,221.0,301.0,33.0,11.0,211.0,298.0,31.0,10.0,212.0,309.0,31.0,16.0,97.0,137.0,27.0,16.0,97.0,136.0,34.0,13.0,93.0,134.0,30.0,12.0,92.0,138.0,30.0,20.0,61.0,86.0,28,9.0,66.0,92.0,28.0,11.0,62.0,89.0,28.0,11.0,65.0,96.0,29.0,17.0,61.0,77.0,37.88973133,7.550428051,58.0,74.0,36.0,8.0,57.0,74.0,36.0,7.0,56.0,76.0,37.0,10.0,26.0,Singapore,142,2021-W38,False,0.4429223744292237,0.2785388127853881,0.2785388127853881
Singapore,2021.0,39.0,9.0,218.0,306.0,30.0,12.0,216.0,301.0,30.0,12.0,215.0,298.0,31.0,11.0,213.0,307.0,31.0,15.0,93.0,136.0,26.0,13.0,95.0,136.0,26.0,14.0,94.0,134.0,30.0,12.0,92.0,138.0,30.0,18.0,75.0,98.0,31,14.0,65.0,90.0,29.0,12.0,65.0,90.0,28.0,11.0,65.0,95.0,29.0,16.0,50.0,72.0,38.48397778,8.310266667,56.0,75.0,38.0,8.0,56.0,74.0,37.0,7.0,55.0,75.0,37.0,9.0,24.0,Singapore,143,2021-W39,False,0.42660550458715596,0.3440366972477064,0.22935779816513763
Singapore,2021.0,40.0,10.0,204.0,297.0,30.0,20.0,212.0,297.0,30.0,14.0,214.0,299.0,31.0,12.0,211.0,304.0,31.0,14.0,91.0,130.0,27.0,24.0,92.0,133.0,27.0,17.0,94.0,134.0,30.0,14.0,92.0,137.0,30.0,17.0,60.0,96.0,25,23.0,65.0,92.0,28.0,15.0,65.0,92.0,28.0,13.0,64.0,94.0,28.0,16.0,53.0,71.0,40.78763103,11.27218553,55.0,73.0,39.0,9.0,56.0,73.0,37.0,8.0,55.0,74.0,37.0,9.0,24.0,Singapore,144,2021-W40,False,0.44607843137254904,0.29411764705882354,0.25980392156862747
Singapore,2021.0,41.0,10.0,203.0,298.0,30.0,20.0,211.0,300.0,30.0,16.0,213.0,299.0,31.0,13.0,209.0,301.0,31.0,13.0,85.0,127.0,27.0,28.0,92.0,133.0,27.0,20.0,93.0,133.0,30.0,15.0,91.0,135.0,29.0,16.0,66.0,99.0,29,19.0,66.0,95.0,28.0,17.0,65.0,94.0,28.0,14.0,63.0,93.0,28.0,14.0,52.0,72.0,35.38128739,7.631025641,54.0,73.0,38.0,9.0,55.0,73.0,37.0,8.0,55.0,73.0,37.0,8.0,24.0,Singapore,145,2021-W41,False,0.4187192118226601,0.3251231527093596,0.2561576354679803
Singapore,2021.0,42.0,10.0,221.0,305.0,30.0,27.0,212.0,302.0,30.0,20.0,216.0,301.0,31.0,15.0,211.0,299.0,31.0,14.0,95.0,136.0,26.0,31.0,91.0,132.0,27.0,24.0,94.0,134.0,30.0,19.0,92.0,134.0,29.0,16.0,61.0,89.0,27,32.0,66.0,96.0,28.0,22.0,66.0,94.0,28.0,16.0,63.0,91.0,28.0,15.0,65.0,80.0,38.49632906,14.95887179,55.0,74.0,38.0,11.0,57.0,74.0,37.0,9.0,56.0,74.0,37.0,8.0,26.0,Singapore,146,2021-W42,True,0.4298642533936652,0.27601809954751133,0.29411764705882354
Singapore,2021.0,43.0,10.0,204.0,309.0,32.0,36.0,208.0,302.0,31.0,26.0,212.0,302.0,30.0,19.0,212.0,299.0,31.0,16.0,88.0,135.0,28.0,46.0,90.0,132.0,27.0,32.0,92.0,134.0,27.0,23.0,93.0,133.0,29.0,19.0,65.0,98.0,32,40.0,63.0,96.0,28.0,29.0,64.0,93.0,29.0,20.0,64.0,92.0,28.0,17.0,51.0,76.0,39.65204248,15.46869281,55.0,75.0,39.0,12.0,56.0,75.0,38.0,10.0,56.0,74.0,37.0,9.0,25.0,Singapore,147,2021-W43,True,0.43137254901960786,0.31862745098039214,0.25
Singapore,2021.0,44.0,10.0,215.0,335.0,31.0,30.0,211.0,312.0,31.0,28.0,212.0,305.0,31.0,21.0,213.0,303.0,31.0,17.0,87.0,148.0,26.0,32.0,89.0,137.0,27.0,34.0,91.0,135.0,27.0,26.0,92.0,135.0,29.0,21.0,67.0,106.0,29,39.0,65.0,98.0,29.0,33.0,65.0,95.0,29.0,24.0,65.0,94.0,28.0,20.0,61.0,81.0,39.85525046,16.76814208,57.0,77.0,38.0,14.0,56.0,75.0,38.0,11.0,56.0,75.0,37.0,10.0,24.0,Singapore,148,2021-W44,True,0.4046511627906977,0.3116279069767442,0.2837209302325581
Singapore,2021.0,45.0,11.0,204.0,325.0,31.0,23.0,211.0,319.0,31.0,29.0,211.0,309.0,31.0,23.0,213.0,306.0,31.0,18.0,86.0,147.0,28.0,34.0,89.0,142.0,27.0,36.0,90.0,137.0,27.0,28.0,92.0,136.0,29.0,22.0,63.0,104.0,29,23.0,64.0,99.0,29.0,33.0,65.0,97.0,29.0,25.0,65.0,95.0,28.0,20.0,55.0,74.0,35.81728283,7.184924242,58.0,78.0,38.0,14.0,56.0,75.0,38.0,11.0,56.0,74.0,37.0,10.0,23.0,Singapore,149,2021-W45,False,0.4215686274509804,0.3088235294117647,0.2696078431372549
Singapore,2021.0,46.0,11.0,221.0,327.0,28.0,11.0,211.0,324.0,30.0,25.0,211.0,313.0,30.0,23.0,214.0,309.0,31.0,19.0,94.0,146.0,25.0,13.0,89.0,144.0,27.0,31.0,90.0,138.0,27.0,28.0,92.0,137.0,29.0,23.0,62.0,101.0,27,14.0,64.0,102.0,29.0,29.0,65.0,99.0,29.0,25.0,65.0,96.0,29.0,21.0,65.0,80.0,32.71055128,5.806858974,58.0,78.0,37.0,11.0,57.0,76.0,38.0,11.0,57.0,75.0,37.0,10.0,24.0,Singapore,150,2021-W46,False,0.4253393665158371,0.28054298642533937,0.29411764705882354
Singapore,2021.0,47.0,11.0,226.0,326.0,29.0,7.0,217.0,328.0,30.0,18.0,212.0,315.0,30.0,22.0,213.0,311.0,30.0,19.0,95.0,146.0,27.0,9.0,91.0,147.0,27.0,22.0,90.0,139.0,27.0,27.0,92.0,138.0,27.0,23.0,65.0,97.0,26,8.0,64.0,102.0,28.0,21.0,64.0,99.0,28.0,25.0,64.0,96.0,28.0,20.0,66.0,83.0,34.44750421,2.834372896,62.0,80.0,36.0,8.0,59.0,77.0,37.0,10.0,58.0,76.0,37.0,10.0,25.0,Singapore,151,2021-W47,False,0.42035398230088494,0.28761061946902655,0.2920353982300885
Singapore,2021.0,48.0,11.0,212.0,317.0,28.0,11.0,216.0,324.0,29.0,13.0,213.0,318.0,30.0,21.0,213.0,311.0,30.0,18.0,102.0,152.0,27.0,15.0,94.0,148.0,27.0,18.0,92.0,142.0,27.0,26.0,92.0,139.0,27.0,23.0,62.0,96.0,26,11.0,63.0,100.0,27.0,14.0,64.0,99.0,28.0,23.0,64.0,96.0,28.0,20.0,48.0,69.0,32.61140625,2.687372685,59.0,77.0,34.0,5.0,58.0,77.0,36.0,9.0,57.0,76.0,37.0,9.0,22.0,Singapore,152,2021-W48,False,0.4811320754716981,0.29245283018867924,0.22641509433962265
Singapore,2021.0,49.0,12.0,204.0,282.0,30.0,6.0,216.0,313.0,29.0,9.0,213.0,316.0,30.0,19.0,213.0,311.0,30.0,18.0,90.0,131.0,26.0,8.0,95.0,144.0,26.0,11.0,92.0,143.0,27.0,24.0,92.0,139.0,27.0,22.0,56.0,79.0,28,6.0,61.0,93.0,27.0,9.0,63.0,96.0,28.0,21.0,64.0,96.0,28.0,20.0,58.0,72.0,37.93132663,3.87782567,59.0,76.0,34.0,4.0,59.0,77.0,36.0,9.0,57.0,76.0,37.0,9.0,26.0,Singapore,153,2021-W49,False,0.4411764705882353,0.27450980392156865,0.28431372549019607
Singapore,2021.0,50.0,12.0,228.0,312.0,29.0,7.0,218.0,309.0,29.0,8.0,214.0,317.0,30.0,16.0,213.0,312.0,30.0,18.0,108.0,150.0,26.0,5.0,99.0,145.0,27.0,9.0,94.0,144.0,27.0,20.0,93.0,140.0,27.0,22.0,62.0,90.0,28,11.0,61.0,91.0,27.0,9.0,63.0,96.0,28.0,19.0,64.0,96.0,28.0,20.0,58.0,72.0,33.90542625,4.856278736,58.0,74.0,35.0,4.0,58.0,76.0,36.0,7.0,57.0,75.0,37.0,8.0,23.0,Singapore,154,2021-W50,False,0.47368421052631576,0.2719298245614035,0.2543859649122807
Singapore,2021.0,51.0,12.0,200.0,317.0,27.0,7.0,211.0,307.0,28.0,8.0,214.0,318.0,29.0,13.0,212.0,313.0,30.0,17.0,79.0,133.0,27.0,10.0,95.0,142.0,26.0,9.0,93.0,144.0,27.0,16.0,92.0,140.0,27.0,21.0,66.0,107.0,24,6.0,62.0,93.0,27.0,8.0,63.0,98.0,27.0,15.0,63.0,97.0,28.0,19.0,55.0,77.0,30.98686869,3.825575758,55.0,73.0,34.0,4.0,58.0,76.0,35.0,6.0,57.0,76.0,36.0,8.0,24.0,Singapore,155,2021-W51,False,0.395,0.33,0.275
Singapore,2021.0,52.0,12.0,139.0,231.0,25.0,7.0,193.0,286.0,28.0,7.0,204.0,305.0,28.0,10.0,206.0,307.0,29.0,16.0,64.0,102.0,22.0,10.0,85.0,129.0,25.0,8.0,90.0,138.0,26.0,13.0,89.0,138.0,26.0,20.0,37.0,71.0,25,4.0,55.0,87.0,26.0,7.0,59.0,93.0,27.0,10.0,61.0,95.0,28.0,18.0,38.0,58.0,30.22474415,3.06255848,52.0,70.0,33.0,4.0,55.0,73.0,34.0,4.0,56.0,75.0,35.0,7.0,25.0,Singapore,156,2021-W52,False,0.460431654676259,0.26618705035971224,0.2733812949640288
Singapore,2021.0,53.0,12.0,162.0,162.0,76.0,9.0,182.0,256.0,39.0,7.0,199.0,284.0,34.0,8.0,203.0,296.0,33.0,15.0,68.0,68.0,141.0,12.0,80.0,113.0,54.0,9.0,88.0,129.0,40.0,10.0,88.0,133.0,36.0,19.0,51.0,51.0,27,11.0,54.0,80.0,26.0,8.0,58.0,87.0,26.0,9.0,60.0,91.0,27.0,17.0,43.0,43.0,29.69614987,3.357577519,49.0,63.0,31.0,4.0,54.0,69.0,33.0,4.0,55.0,72.0,35.0,7.0,27.0,Singapore,157,2021-W53,False,0.41975308641975306,0.3148148148148148,0.2654320987654321
Singapore,2022.0,1.0,1.0,210.0,305.0,29.0,13.0,178.0,254.0,39.0,9.0,198.0,282.0,34.0,8.0,202.0,296.0,33.0,14.0,102.0,146.0,29.0,21.0,78.0,112.0,55.0,13.0,89.0,129.0,41.0,11.0,89.0,134.0,36.0,18.0,54.0,85.0,25,8.0,52.0,79.0,25.0,7.0,57.0,85.0,26.0,8.0,59.0,90.0,27.0,15.0,54.0,74.0,32.40444959,4.380673868,48.0,63.0,31.0,4.0,53.0,69.0,33.0,4.0,54.0,72.0,34.0,6.0,24.0,Singapore,158,2022-W01,False,0.4857142857142857,0.2571428571428571,0.2571428571428571
Singapore,2022.0,2.0,1.0,227.0,318.0,29.0,8.0,185.0,254.0,40.0,9.0,198.0,281.0,34.0,8.0,204.0,296.0,33.0,12.0,100.0,146.0,27.0,10.0,84.0,116.0,55.0,13.0,89.0,129.0,41.0,11.0,90.0,135.0,36.0,15.0,71.0,100.0,29,8.0,53.0,77.0,26.0,8.0,57.0,85.0,26.0,8.0,60.0,91.0,27.0,12.0,56.0,72.0,33.90559524,2.234449405,48.0,62.0,32.0,3.0,51.0,67.0,33.0,4.0,55.0,71.0,34.0,5.0,23.0,Singapore,159,2022-W02,False,0.44052863436123346,0.31277533039647576,0.24669603524229075
Singapore,2022.0,3.0,1.0,231.0,320.0,29.0,15.0,208.0,276.0,41.0,11.0,200.0,281.0,34.0,9.0,205.0,295.0,32.0,10.0,97.0,133.0,29.0,22.0,92.0,123.0,57.0,16.0,89.0,126.0,41.0,12.0,90.0,133.0,36.0,14.0,79.0,114.0,27,12.0,64.0,88.0,27.0,9.0,60.0,87.0,27.0,8.0,61.0,91.0,27.0,10.0,55.0,73.0,32.83119697,7.244545455,52.0,66.0,32.0,4.0,52.0,68.0,33.0,4.0,54.0,71.0,33.0,4.0,23.0,Singapore,160,2022-W03,False,0.4199134199134199,0.341991341991342,0.23809523809523808
Singapore,2022.0,4.0,1.0,222.0,324.0,28.0,10.0,223.0,317.0,29.0,11.0,202.0,286.0,34.0,9.0,207.0,295.0,32.0,9.0,107.0,159.0,26.0,13.0,102.0,146.0,28.0,17.0,91.0,130.0,41.0,13.0,92.0,134.0,36.0,12.0,61.0,92.0,26,9.0,66.0,98.0,27.0,9.0,60.0,89.0,26.0,8.0,61.0,90.0,26.0,9.0,54.0,73.0,33.39011317,3.884140947,55.0,73.0,33.0,4.0,52.0,68.0,32.0,4.0,54.0,71.0,33.0,4.0,23.0,Singapore,161,2022-W04,False,0.481981981981982,0.2747747747747748,0.24324324324324326
Singapore,2022.0,5.0,1.0,227.0,328.0,28.0,9.0,227.0,323.0,29.0,10.0,202.0,288.0,34.0,10.0,207.0,295.0,32.0,9.0,95.0,150.0,26.0,13.0,100.0,147.0,27.0,15.0,89.0,130.0,41.0,14.0,92.0,135.0,36.0,12.0,67.0,98.0,26,9.0,70.0,101.0,27.0,9.0,61.0,90.0,26.0,8.0,61.0,90.0,26.0,8.0,65.0,80.0,33.14398291,5.740047009,58.0,75.0,33.0,5.0,53.0,69.0,32.0,4.0,54.0,71.0,33.0,4.0,24.0,Singapore,162,2022-W05,False,0.4185022026431718,0.29515418502202645,0.28634361233480177
Singapore,2022.0,6.0,2.0,237.0,319.0,27.0,12.0,229.0,323.0,28.0,12.0,207.0,288.0,34.0,10.0,208.0,295.0,32.0,9.0,108.0,148.0,26.0,19.0,102.0,148.0,27.0,17.0,93.0,132.0,41.0,15.0,93.0,135.0,36.0,13.0,71.0,96.0,27,8.0,70.0,100.0,26.0,9.0,61.0,88.0,26.0,8.0,61.0,90.0,26.0,8.0,58.0,75.0,30.89180077,5.266197318,58.0,75.0,33.0,6.0,53.0,69.0,32.0,4.0,54.0,70.0,33.0,4.0,24.0,Singapore,163,2022-W06,False,0.45569620253164556,0.29957805907172996,0.24472573839662448
Singapore,2022.0,7.0,2.0,227.0,323.0,30.0,19.0,228.0,324.0,28.0,13.0,218.0,300.0,35.0,12.0,210.0,295.0,32.0,10.0,96.0,149.0,28.0,27.0,102.0,152.0,27.0,18.0,97.0,137.0,42.0,17.0,93.0,135.0,36.0,14.0,64.0,91.0,29,18.0,66.0,94.0,27.0,11.0,65.0,91.0,27.0,10.0,62.0,90.0,27.0,9.0,67.0,83.0,33.30259536,7.999398839,61.0,78.0,33.0,6.0,57.0,72.0,32.0,5.0,55.0,71.0,33.0,5.0,26.0,Singapore,164,2022-W07,False,0.42290748898678415,0.28193832599118945,0.29515418502202645
Singapore,2022.0,8.0,2.0,227.0,334.0,28.0,19.0,230.0,326.0,28.0,15.0,226.0,321.0,29.0,13.0,211.0,299.0,32.0,11.0,117.0,168.0,27.0,25.0,104.0,154.0,27.0,21.0,103.0,150.0,27.0,19.0,95.0,138.0,36.0,16.0,59.0,92.0,26,18.0,65.0,94.0,27.0,13.0,66.0,96.0,27.0,11.0,62.0,91.0,27.0,10.0,51.0,74.0,34.5525817,3.718191721,60.0,78.0,33.0,6.0,58.0,76.0,33.0,5.0,55.0,71.0,32.0,5.0,22.0,Singapore,165,2022-W08,False,0.5154185022026432,0.2599118942731278,0.22466960352422907
Singapore,2022.0,9.0,2.0,226.0,323.0,28.0,15.0,229.0,325.0,28.0,16.0,228.0,324.0,28.0,13.0,211.0,300.0,32.0,12.0,98.0,157.0,26.0,19.0,105.0,156.0,27.0,22.0,102.0,151.0,27.0,19.0,94.0,138.0,36.0,17.0,66.0,90.0,27,15.0,65.0,92.0,27.0,15.0,67.0,97.0,27.0,12.0,62.0,91.0,26.0,10.0,62.0,76.0,30.73047939,7.807773297,60.0,77.0,32.0,6.0,59.0,76.0,33.0,5.0,55.0,72.0,32.0,5.0,24.0,Singapore,166,2022-W09,False,0.4336283185840708,0.2920353982300885,0.2743362831858407
Singapore,2022.0,10.0,3.0,227.0,324.0,27.0,6.0,227.0,326.0,28.0,15.0,228.0,324.0,28.0,13.0,214.0,301.0,32.0,12.0,107.0,154.0,26.0,6.0,105.0,157.0,27.0,19.0,103.0,152.0,27.0,18.0,97.0,140.0,36.0,16.0,69.0,98.0,25,7.0,65.0,93.0,27.0,15.0,67.0,96.0,27.0,12.0,62.0,90.0,27.0,10.0,51.0,72.0,31.86679194,5.804183007,58.0,76.0,33.0,6.0,58.0,76.0,33.0,6.0,55.0,71.0,32.0,5.0,22.0,Singapore,167,2022-W10,False,0.4713656387665198,0.3039647577092511,0.22466960352422907
Singapore,2022.0,11.0,3.0,221.0,300.0,35.0,6.0,225.0,320.0,30.0,11.0,227.0,322.0,29.0,12.0,220.0,307.0,33.0,12.0,107.0,151.0,42.0,6.0,107.0,158.0,30.0,14.0,104.0,155.0,28.0,16.0,100.0,144.0,38.0,16.0,59.0,82.0,24,8.0,63.0,91.0,26.0,12.0,65.0,92.0,26.0,11.0,64.0,91.0,27.0,11.0,55.0,67.0,32.20495455,4.721848485,55.0,72.0,32.0,6.0,58.0,75.0,33.0,6.0,56.0,72.0,32.0,5.0,22.0,Singapore,168,2022-W11,False,0.4841628959276018,0.2669683257918552,0.248868778280543
Singapore,2022.0,12.0,3.0,222.0,294.0,26.0,5.0,224.0,310.0,29.0,8.0,227.0,318.0,29.0,11.0,225.0,318.0,29.0,11.0,116.0,155.0,25.0,6.0,107.0,154.0,30.0,9.0,106.0,154.0,28.0,15.0,104.0,151.0,28.0,16.0,55.0,75.0,24,5.0,62.0,86.0,25.0,9.0,64.0,90.0,26.0,11.0,65.0,93.0,26.0,10.0,51.0,64.0,32.15211874,2.187663399,55.0,70.0,32.0,5.0,58.0,74.0,32.0,5.0,57.0,74.0,33.0,5.0,22.0,Singapore,169,2022-W12,False,0.5225225225225225,0.24774774774774774,0.22972972972972974
Singapore,2022.0,13.0,3.0,232.0,317.0,25.0,7.0,226.0,309.0,28.0,6.0,227.0,317.0,28.0,11.0,227.0,319.0,28.0,11.0,113.0,162.0,23.0,9.0,111.0,156.0,29.0,7.0,108.0,156.0,28.0,15.0,105.0,153.0,28.0,15.0,57.0,80.0,24,8.0,60.0,84.0,24.0,7.0,63.0,88.0,26.0,11.0,65.0,92.0,26.0,10.0,62.0,75.0,30.89497312,1.328517025,55.0,70.0,32.0,4.0,57.0,73.0,32.0,5.0,57.0,74.0,32.0,5.0,24.0,Singapore,170,2022-W13,False,0.4870689655172414,0.24568965517241378,0.2672413793103448
Singapore,2022.0,14.0,3.0,236.0,314.0,26.0,5.0,228.0,306.0,28.0,6.0,227.0,316.0,28.0,10.0,228.0,318.0,28.0,11.0,110.0,151.0,23.0,7.0,112.0,155.0,28.0,7.0,108.0,156.0,28.0,13.0,106.0,153.0,27.0,14.0,68.0,87.0,25,3.0,60.0,81.0,24.0,6.0,62.0,87.0,25.0,10.0,65.0,91.0,26.0,10.0,58.0,76.0,31.00417146,2.363386015,57.0,71.0,32.0,3.0,57.0,73.0,32.0,4.0,57.0,74.0,32.0,5.0,24.0,Singapore,171,2022-W14,False,0.4661016949152542,0.288135593220339,0.2457627118644068
Singapore,2022.0,15.0,4.0,243.0,336.0,25.0,9.0,233.0,315.0,25.0,6.0,229.0,318.0,27.0,9.0,229.0,320.0,28.0,10.0,118.0,171.0,22.0,8.0,114.0,160.0,23.0,7.0,111.0,159.0,27.0,11.0,108.0,156.0,27.0,13.0,68.0,93.0,25,16.0,62.0,84.0,24.0,8.0,63.0,87.0,25.0,10.0,64.0,90.0,26.0,10.0,57.0,72.0,29.51039474,2.483469786,57.0,72.0,31.0,2.0,56.0,72.0,32.0,4.0,58.0,74.0,32.0,4.0,21.0,Singapore,172,2022-W15,False,0.48559670781893005,0.27983539094650206,0.2345679012345679
Singapore,2022.0,16.0,4.0,221.0,311.0,28.0,6.0,233.0,320.0,26.0,7.0,229.0,315.0,27.0,7.0,229.0,319.0,28.0,10.0,99.0,147.0,25.0,6.0,110.0,158.0,23.0,8.0,109.0,156.0,27.0,8.0,107.0,155.0,27.0,13.0,61.0,92.0,26,8.0,64.0,88.0,25.0,9.0,63.0,87.0,25.0,9.0,64.0,90.0,26.0,10.0,61.0,72.0,33.17400273,2.738128415,60.0,74.0,31.0,2.0,57.0,72.0,31.0,4.0,58.0,74.0,32.0,4.0,23.0,Singapore,173,2022-W16,False,0.4479638009049774,0.27601809954751133,0.27601809954751133
Singapore,2022.0,17.0,4.0,238.0,312.0,24.0,5.0,235.0,318.0,26.0,6.0,230.0,314.0,27.0,6.0,230.0,317.0,27.0,9.0,116.0,147.0,22.0,7.0,111.0,154.0,23.0,7.0,111.0,155.0,26.0,7.0,109.0,155.0,26.0,12.0,62.0,87.0,22,6.0,65.0,90.0,24.0,8.0,62.0,87.0,24.0,8.0,63.0,89.0,25.0,10.0,60.0,78.0,31.89823148,2.232055556,59.0,75.0,31.0,2.0,57.0,72.0,32.0,3.0,58.0,74.0,32.0,4.0,25.0,Singapore,174,2022-W17,False,0.48739495798319327,0.2605042016806723,0.25210084033613445
Singapore,2022.0,18.0,4.0,229.0,327.0,25.0,9.0,233.0,322.0,25.0,7.0,230.0,314.0,27.0,6.0,229.0,318.0,27.0,9.0,106.0,155.0,21.0,13.0,110.0,155.0,23.0,8.0,111.0,155.0,25.0,8.0,109.0,156.0,26.0,12.0,61.0,89.0,23,8.0,63.0,90.0,24.0,9.0,61.0,86.0,24.0,8.0,62.0,88.0,25.0,10.0,62.0,83.0,32.06296595,4.031263441,60.0,76.0,32.0,3.0,58.0,73.0,32.0,3.0,58.0,74.0,32.0,4.0,25.0,Singapore,175,2022-W18,False,0.462882096069869,0.2663755458515284,0.27074235807860264
Singapore,2022.0,19.0,5.0,225.0,319.0,26.0,8.0,228.0,317.0,26.0,7.0,231.0,316.0,26.0,7.0,229.0,318.0,27.0,8.0,104.0,150.0,23.0,8.0,106.0,150.0,23.0,9.0,110.0,155.0,23.0,8.0,109.0,156.0,26.0,10.0,66.0,94.0,26,11.0,63.0,91.0,24.0,8.0,62.0,87.0,24.0,8.0,63.0,88.0,25.0,9.0,55.0,75.0,31.32064646,3.151530303,60.0,77.0,32.0,3.0,58.0,74.0,32.0,3.0,57.0,74.0,32.0,4.0,24.0,Singapore,176,2022-W19,False,0.4622222222222222,0.29333333333333333,0.24444444444444444
Singapore,2022.0,20.0,5.0,227.0,303.0,24.0,6.0,230.0,315.0,25.0,7.0,231.0,317.0,25.0,7.0,229.0,315.0,27.0,7.0,98.0,140.0,20.0,6.0,106.0,148.0,22.0,9.0,108.0,153.0,23.0,8.0,108.0,153.0,25.0,8.0,72.0,89.0,24,9.0,65.0,90.0,24.0,8.0,64.0,89.0,24.0,8.0,64.0,88.0,25.0,9.0,57.0,74.0,31.669654,2.03041423,59.0,78.0,32.0,3.0,59.0,76.0,31.0,3.0,58.0,74.0,32.0,3.0,24.0,Singapore,177,2022-W20,False,0.43171806167400884,0.31718061674008813,0.2511013215859031
Singapore,2022.0,21.0,5.0,206.0,286.0,41.0,5.0,222.0,309.0,29.0,7.0,228.0,314.0,27.0,7.0,227.0,312.0,28.0,6.0,96.0,129.0,57.0,6.0,101.0,144.0,30.0,8.0,106.0,149.0,27.0,8.0,108.0,151.0,27.0,7.0,61.0,94.0,24,6.0,65.0,92.0,24.0,8.0,65.0,91.0,24.0,8.0,63.0,88.0,24.0,8.0,49.0,63.0,30.53372449,2.878798186,56.0,74.0,31.0,3.0,57.0,74.0,31.0,3.0,57.0,73.0,32.0,3.0,22.0,Singapore,178,2022-W21,False,0.46601941747572817,0.2961165048543689,0.23786407766990292
Singapore,2022.0,22.0,5.0,253.0,323.0,25.0,5.0,228.0,308.0,29.0,6.0,230.0,315.0,27.0,7.0,229.0,312.0,27.0,6.0,117.0,155.0,23.0,5.0,104.0,144.0,31.0,6.0,107.0,149.0,27.0,7.0,108.0,151.0,27.0,7.0,75.0,94.0,22,6.0,69.0,93.0,24.0,8.0,66.0,92.0,24.0,9.0,64.0,88.0,24.0,8.0,61.0,74.0,32.16035519,3.754785974,56.0,72.0,31.0,3.0,58.0,74.0,32.0,3.0,57.0,73.0,32.0,3.0,23.0,Singapore,179,2022-W22,False,0.4624505928853755,0.2964426877470356,0.24110671936758893
Singapore,2022.0,23.0,6.0,225.0,307.0,27.0,6.0,228.0,305.0,29.0,5.0,228.0,311.0,27.0,6.0,230.0,312.0,27.0,6.0,108.0,144.0,25.0,6.0,105.0,142.0,31.0,6.0,106.0,146.0,27.0,7.0,108.0,151.0,26.0,7.0,58.0,88.0,25,5.0,67.0,91.0,24.0,6.0,65.0,91.0,24.0,7.0,64.0,89.0,24.0,8.0,59.0,75.0,34.0118597,4.599354991,57.0,72.0,32.0,3.0,58.0,74.0,32.0,3.0,58.0,73.0,32.0,3.0,24.0,Singapore,180,2022-W23,False,0.48,0.2577777777777778,0.26222222222222225
Singapore,2022.0,24.0,6.0,249.0,332.0,27.0,10.0,233.0,312.0,30.0,6.0,232.0,314.0,27.0,7.0,232.0,316.0,27.0,7.0,109.0,152.0,24.0,11.0,108.0,145.0,32.0,7.0,107.0,147.0,27.0,8.0,108.0,150.0,26.0,8.0,80.0,101.0,25,12.0,69.0,94.0,24.0,7.0,67.0,92.0,24.0,8.0,66.0,91.0,24.0,8.0,60.0,79.0,35.30978704,4.115851852,57.0,73.0,33.0,4.0,58.0,75.0,32.0,3.0,58.0,75.0,32.0,3.0,24.0,Singapore,181,2022-W24,False,0.43775100401606426,0.321285140562249,0.24096385542168675
Singapore,2022.0,25.0,6.0,229.0,340.0,28.0,13.0,239.0,326.0,27.0,8.0,230.0,317.0,28.0,8.0,232.0,318.0,27.0,7.0,102.0,157.0,26.0,20.0,109.0,152.0,24.0,10.0,105.0,148.0,27.0,9.0,107.0,150.0,26.0,9.0,68.0,100.0,27,10.0,70.0,96.0,25.0,8.0,68.0,94.0,24.0,8.0,67.0,92.0,24.0,8.0,59.0,83.0,33.42935499,5.591106403,60.0,78.0,34.0,5.0,58.0,76.0,33.0,4.0,58.0,75.0,32.0,3.0,24.0,Singapore,182,2022-W25,False,0.44541484716157204,0.29694323144104806,0.2576419213973799
Singapore,2022.0,26.0,6.0,223.0,323.0,28.0,10.0,232.0,326.0,28.0,10.0,230.0,317.0,28.0,8.0,231.0,318.0,27.0,8.0,99.0,147.0,26.0,10.0,105.0,150.0,25.0,12.0,104.0,147.0,28.0,9.0,106.0,150.0,26.0,9.0,70.0,102.0,25,10.0,69.0,98.0,26.0,9.0,69.0,95.0,25.0,9.0,67.0,94.0,24.0,9.0,54.0,74.0,34.1652572,10.67616255,58.0,78.0,34.0,6.0,57.0,75.0,33.0,5.0,58.0,75.0,32.0,4.0,23.0,Singapore,183,2022-W26,False,0.4439461883408072,0.31390134529147984,0.242152466367713
Singapore,2022.0,27.0,6.0,207.0,296.0,26.0,8.0,227.0,323.0,27.0,10.0,227.0,314.0,28.0,8.0,228.0,315.0,27.0,8.0,103.0,145.0,23.0,7.0,103.0,150.0,25.0,12.0,104.0,146.0,28.0,9.0,105.0,147.0,26.0,9.0,56.0,81.0,26,13.0,69.0,96.0,26.0,11.0,68.0,94.0,25.0,9.0,66.0,93.0,25.0,9.0,48.0,70.0,33.67514468,2.747042824,55.0,77.0,34.0,6.0,56.0,74.0,33.0,5.0,57.0,75.0,33.0,4.0,24.0,Singapore,184,2022-W27,False,0.4975845410628019,0.27053140096618356,0.2318840579710145
Singapore,2022.0,28.0,7.0,238.0,302.0,26.0,10.0,224.0,315.0,27.0,10.0,229.0,314.0,29.0,8.0,229.0,314.0,27.0,8.0,102.0,138.0,23.0,12.0,102.0,147.0,24.0,12.0,105.0,146.0,28.0,10.0,105.0,147.0,26.0,9.0,69.0,85.0,26,7.0,66.0,92.0,26.0,10.0,67.0,93.0,25.0,9.0,67.0,92.0,25.0,9.0,67.0,79.0,32.18715174,8.222446103,57.0,77.0,33.0,7.0,57.0,75.0,33.0,5.0,58.0,76.0,33.0,5.0,26.0,Singapore,185,2022-W28,False,0.42857142857142855,0.28991596638655465,0.2815126050420168
Singapore,2022.0,29.0,7.0,233.0,318.0,27.0,10.0,225.0,310.0,27.0,9.0,232.0,318.0,27.0,9.0,229.0,315.0,28.0,8.0,99.0,139.0,24.0,11.0,101.0,142.0,24.0,10.0,105.0,147.0,24.0,10.0,104.0,146.0,26.0,10.0,75.0,99.0,24,13.0,68.0,92.0,25.0,11.0,69.0,94.0,25.0,10.0,68.0,93.0,25.0,9.0,59.0,80.0,36.78712806,3.223507533,57.0,76.0,34.0,6.0,58.0,77.0,34.0,5.0,58.0,76.0,33.0,5.0,25.0,Singapore,186,2022-W29,False,0.4248927038626609,0.3218884120171674,0.2532188841201717
Singapore,2022.0,30.0,7.0,252.0,331.0,27.0,9.0,233.0,312.0,27.0,9.0,232.0,319.0,27.0,9.0,231.0,315.0,28.0,8.0,125.0,159.0,24.0,9.0,107.0,145.0,23.0,10.0,106.0,148.0,24.0,11.0,105.0,146.0,26.0,9.0,65.0,92.0,26,13.0,66.0,89.0,26.0,12.0,68.0,94.0,26.0,10.0,68.0,93.0,25.0,10.0,62.0,80.0,33.19937276,4.850833333,59.0,77.0,34.0,5.0,59.0,78.0,34.0,6.0,58.0,76.0,33.0,5.0,24.0,Singapore,187,2022-W30,False,0.49603174603174605,0.25793650793650796,0.24603174603174602
Singapore,2022.0,31.0,7.0,259.0,365.0,26.0,8.0,246.0,329.0,27.0,9.0,236.0,326.0,27.0,10.0,233.0,319.0,28.0,8.0,116.0,173.0,24.0,11.0,111.0,152.0,23.0,11.0,107.0,151.0,24.0,11.0,106.0,148.0,26.0,9.0,77.0,104.0,26,9.0,72.0,95.0,26.0,11.0,70.0,96.0,26.0,11.0,69.0,94.0,25.0,9.0,66.0,88.0,30.88134259,2.873316498,64.0,82.0,33.0,5.0,59.0,79.0,34.0,5.0,58.0,77.0,33.0,5.0,24.0,Singapore,188,2022-W31,False,0.44787644787644787,0.2972972972972973,0.2548262548262548
Singapore,2022.0,32.0,8.0,238.0,340.0,30.0,10.0,246.0,339.0,28.0,9.0,235.0,327.0,27.0,10.0,234.0,322.0,28.0,9.0,114.0,167.0,23.0,11.0,114.0,160.0,24.0,10.0,108.0,153.0,24.0,11.0,108.0,150.0,27.0,10.0,73.0,105.0,26,10.0,73.0,100.0,25.0,11.0,69.0,96.0,26.0,11.0,69.0,95.0,25.0,10.0,51.0,68.0,52.28037582,5.462864924,60.0,79.0,38.0,4.0,58.0,78.0,36.0,5.0,58.0,76.0,35.0,5.0,20.0,Singapore,189,2022-W32,False,0.4789915966386555,0.3067226890756303,0.21428571428571427
Singapore,2022.0,33.0,8.0,245.0,332.0,26.0,8.0,249.0,342.0,27.0,9.0,237.0,326.0,27.0,9.0,238.0,326.0,27.0,9.0,120.0,164.0,22.0,9.0,119.0,166.0,23.0,10.0,110.0,154.0,23.0,10.0,110.0,153.0,24.0,10.0,55.0,84.0,25,7.0,68.0,96.0,26.0,10.0,68.0,94.0,26.0,10.0,68.0,95.0,25.0,10.0,70.0,84.0,33.0358254,7.024392857,62.0,80.0,37.0,5.0,60.0,78.0,36.0,6.0,60.0,78.0,35.0,5.0,25.0,Singapore,190,2022-W33,False,0.4897959183673469,0.22448979591836735,0.2857142857142857
Singapore,2022.0,34.0,8.0,234.0,323.0,28.0,7.0,244.0,340.0,28.0,8.0,238.0,326.0,27.0,9.0,236.0,326.0,27.0,9.0,117.0,162.0,29.0,8.0,117.0,167.0,25.0,10.0,112.0,156.0,24.0,10.0,110.0,154.0,24.0,10.0,64.0,84.0,24,8.0,67.0,94.0,25.0,9.0,67.0,92.0,25.0,10.0,68.0,94.0,26.0,10.0,53.0,77.0,30.45996331,2.432175052,60.0,79.0,37.0,4.0,60.0,78.0,35.0,5.0,59.0,78.0,35.0,5.0,24.0,Singapore,191,2022-W34,False,0.5,0.27350427350427353,0.2264957264957265
Singapore,2022.0,35.0,8.0,254.0,327.0,25.0,6.0,243.0,331.0,27.0,8.0,244.0,330.0,27.0,8.0,238.0,327.0,27.0,9.0,119.0,158.0,22.0,8.0,118.0,163.0,24.0,9.0,114.0,158.0,24.0,10.0,110.0,155.0,24.0,11.0,77.0,100.0,24,6.0,67.0,93.0,25.0,8.0,69.0,94.0,25.0,9.0,69.0,95.0,25.0,10.0,58.0,69.0,31.34926724,1.606997126,58.0,75.0,37.0,4.0,61.0,78.0,35.0,4.0,59.0,78.0,35.0,5.0,21.0,Singapore,192,2022-W35,False,0.468503937007874,0.3031496062992126,0.2283464566929134
Singapore,2022.0,36.0,8.0,252.0,330.0,24.0,6.0,246.0,328.0,26.0,7.0,246.0,333.0,27.0,8.0,239.0,327.0,27.0,9.0,127.0,162.0,21.0,7.0,121.0,162.0,24.0,8.0,117.0,161.0,24.0,9.0,112.0,156.0,24.0,10.0,65.0,91.0,23,8.0,65.0,90.0,24.0,7.0,69.0,95.0,25.0,9.0,68.0,94.0,25.0,10.0,60.0,77.0,29.1037037,2.906689815,60.0,77.0,31.0,3.0,60.0,78.0,35.0,4.0,59.0,77.0,34.0,5.0,23.0,Singapore,193,2022-W36,False,0.503968253968254,0.25793650793650796,0.23809523809523808
Singapore,2022.0,37.0,9.0,233.0,308.0,25.0,6.0,243.0,322.0,25.0,6.0,246.0,332.0,26.0,7.0,239.0,325.0,26.0,8.0,104.0,144.0,22.0,9.0,117.0,157.0,24.0,8.0,118.0,161.0,23.0,9.0,112.0,155.0,24.0,9.0,72.0,93.0,24,5.0,70.0,92.0,24.0,7.0,69.0,94.0,25.0,8.0,68.0,93.0,25.0,9.0,57.0,71.0,31.14714912,2.233952242,57.0,74.0,31.0,2.0,60.0,77.0,34.0,4.0,59.0,76.0,34.0,5.0,23.0,Singapore,194,2022-W37,False,0.44635193133047213,0.3090128755364807,0.2446351931330472
Singapore,2022.0,38.0,9.0,240.0,323.0,24.0,9.0,245.0,322.0,24.0,7.0,244.0,331.0,26.0,7.0,240.0,325.0,26.0,8.0,114.0,153.0,21.0,8.0,116.0,154.0,22.0,8.0,116.0,160.0,23.0,9.0,113.0,155.0,23.0,9.0,70.0,100.0,21,9.0,71.0,96.0,23.0,7.0,69.0,95.0,24.0,8.0,68.0,93.0,25.0,9.0,56.0,70.0,32.16063988,8.303070437,58.0,72.0,31.0,4.0,59.0,76.0,34.0,4.0,59.0,76.0,34.0,4.0,22.0,Singapore,195,2022-W38,False,0.475,0.2916666666666667,0.23333333333333334
Singapore,2022.0,39.0,9.0,252.0,329.0,23.0,7.0,244.0,323.0,24.0,7.0,244.0,327.0,26.0,7.0,244.0,327.0,26.0,8.0,122.0,159.0,21.0,10.0,117.0,155.0,21.0,8.0,117.0,159.0,23.0,9.0,115.0,157.0,23.0,9.0,70.0,95.0,22,7.0,69.0,95.0,23.0,7.0,68.0,94.0,24.0,8.0,69.0,94.0,24.0,9.0,60.0,75.0,29.05109259,1.411449074,58.0,73.0,30.0,4.0,58.0,74.0,34.0,4.0,60.0,77.0,33.0,4.0,23.0,Singapore,196,2022-W39,False,0.48412698412698413,0.2777777777777778,0.23809523809523808
Singapore,2022.0,40.0,9.0,253.0,338.0,22.0,6.0,245.0,325.0,24.0,7.0,245.0,326.0,25.0,7.0,245.0,330.0,26.0,8.0,120.0,159.0,20.0,7.0,115.0,154.0,21.0,9.0,118.0,158.0,22.0,8.0,116.0,158.0,23.0,9.0,72.0,102.0,21,5.0,71.0,98.0,22.0,7.0,68.0,94.0,23.0,7.0,70.0,96.0,24.0,8.0,61.0,77.0,27.94103825,3.235368852,59.0,73.0,30.0,4.0,59.0,75.0,31.0,4.0,59.0,76.0,33.0,4.0,23.0,Singapore,197,2022-W40,False,0.4743083003952569,0.2845849802371542,0.24110671936758893
Singapore,2022.0,41.0,10.0,230.0,308.0,25.0,10.0,244.0,325.0,23.0,8.0,244.0,323.0,24.0,7.0,245.0,330.0,25.0,8.0,102.0,142.0,21.0,11.0,115.0,153.0,21.0,9.0,116.0,155.0,22.0,9.0,117.0,159.0,23.0,9.0,65.0,90.0,23,14.0,69.0,97.0,22.0,9.0,69.0,94.0,23.0,8.0,69.0,95.0,24.0,8.0,63.0,76.0,31.28063051,2.759197531,60.0,75.0,30.0,4.0,59.0,74.0,30.0,3.0,60.0,76.0,33.0,4.0,25.0,Singapore,198,2022-W41,False,0.4434782608695652,0.2826086956521739,0.27391304347826084
Singapore,2022.0,42.0,10.0,239.0,312.0,23.0,8.0,244.0,322.0,23.0,7.0,244.0,322.0,24.0,7.0,244.0,328.0,25.0,7.0,119.0,152.0,20.0,9.0,116.0,153.0,21.0,9.0,116.0,154.0,21.0,9.0,116.0,158.0,22.0,9.0,60.0,85.0,23,9.0,67.0,93.0,22.0,9.0,69.0,95.0,23.0,8.0,68.0,94.0,24.0,8.0,60.0,75.0,29.42924537,2.924666667,61.0,76.0,29.0,3.0,59.0,74.0,30.0,3.0,60.0,76.0,32.0,4.0,24.0,Singapore,199,2022-W42,False,0.497907949790795,0.2510460251046025,0.2510460251046025
Singapore,2022.0,43.0,10.0,255.0,327.0,23.0,9.0,244.0,321.0,23.0,8.0,244.0,322.0,24.0,7.0,244.0,325.0,25.0,7.0,119.0,156.0,21.0,12.0,115.0,152.0,21.0,10.0,116.0,153.0,21.0,9.0,116.0,157.0,22.0,9.0,70.0,86.0,21,9.0,67.0,91.0,22.0,9.0,68.0,93.0,22.0,8.0,68.0,93.0,23.0,8.0,66.0,85.0,29.50316498,3.40608165,63.0,78.0,30.0,3.0,60.0,76.0,30.0,3.0,60.0,75.0,32.0,4.0,26.0,Singapore,200,2022-W43,False,0.4666666666666667,0.27450980392156865,0.25882352941176473
Singapore,2022.0,44.0,10.0,231.0,314.0,24.0,5.0,239.0,315.0,24.0,8.0,242.0,320.0,24.0,7.0,243.0,323.0,24.0,7.0,117.0,164.0,22.0,7.0,114.0,154.0,21.0,10.0,115.0,154.0,21.0,9.0,117.0,156.0,22.0,9.0,62.0,81.0,21,5.0,64.0,86.0,22.0,9.0,68.0,92.0,22.0,8.0,67.0,91.0,23.0,8.0,52.0,69.0,30.37951389,2.286891026,60.0,76.0,30.0,3.0,59.0,75.0,30.0,3.0,60.0,75.0,30.0,3.0,22.0,Singapore,201,2022-W44,False,0.5064935064935064,0.2683982683982684,0.22510822510822512
Singapore,2022.0,45.0,11.0,248.0,311.0,23.0,7.0,243.0,316.0,23.0,7.0,244.0,320.0,23.0,7.0,243.0,321.0,24.0,7.0,117.0,152.0,20.0,9.0,118.0,156.0,21.0,9.0,116.0,155.0,21.0,9.0,116.0,155.0,22.0,9.0,65.0,84.0,21,6.0,64.0,84.0,22.0,7.0,67.0,90.0,22.0,8.0,68.0,91.0,22.0,7.0,66.0,75.0,30.68120791,2.935614478,61.0,76.0,30.0,3.0,61.0,75.0,30.0,3.0,59.0,75.0,30.0,3.0,24.0,Singapore,202,2022-W45,False,0.4717741935483871,0.2620967741935484,0.2661290322580645
Singapore,2022.0,46.0,11.0,251.0,323.0,23.0,11.0,246.0,319.0,23.0,8.0,245.0,320.0,23.0,8.0,245.0,321.0,24.0,7.0,114.0,148.0,19.0,7.0,117.0,155.0,21.0,9.0,116.0,154.0,21.0,9.0,116.0,154.0,21.0,9.0,64.0,84.0,22,19.0,65.0,84.0,21.0,10.0,66.0,88.0,22.0,9.0,68.0,91.0,22.0,8.0,73.0,91.0,30.0893417,9.165403349,64.0,80.0,30.0,4.0,63.0,78.0,30.0,4.0,61.0,76.0,30.0,4.0,28.0,Singapore,203,2022-W46,False,0.4541832669322709,0.2549800796812749,0.2908366533864542
Singapore,2022.0,47.0,11.0,261.0,337.0,23.0,6.0,248.0,321.0,23.0,7.0,246.0,321.0,23.0,8.0,245.0,322.0,24.0,7.0,125.0,163.0,22.0,8.0,118.0,157.0,21.0,8.0,117.0,155.0,21.0,9.0,117.0,155.0,21.0,9.0,76.0,96.0,22,5.0,67.0,86.0,22.0,9.0,67.0,89.0,22.0,9.0,68.0,91.0,22.0,8.0,60.0,78.0,28.91553704,3.43825463,63.0,78.0,30.0,4.0,63.0,78.0,30.0,4.0,61.0,77.0,30.0,4.0,23.0,Singapore,204,2022-W47,False,0.4789272030651341,0.29118773946360155,0.22988505747126436
Singapore,2022.0,48.0,11.0,240.0,326.0,24.0,8.0,250.0,324.0,23.0,8.0,244.0,320.0,23.0,8.0,244.0,321.0,24.0,7.0,115.0,161.0,20.0,9.0,118.0,156.0,20.0,8.0,116.0,155.0,21.0,9.0,116.0,154.0,21.0,9.0,66.0,92.0,22,8.0,68.0,89.0,22.0,9.0,66.0,87.0,22.0,9.0,68.0,91.0,22.0,8.0,59.0,73.0,32.63416667,5.373182674,65.0,79.0,31.0,5.0,62.0,78.0,30.0,4.0,61.0,76.0,30.0,4.0,22.0,Singapore,205,2022-W48,False,0.4791666666666667,0.275,0.24583333333333332
Singapore,2022.0,49.0,11.0,250.0,325.0,22.0,5.0,251.0,328.0,23.0,7.0,247.0,322.0,23.0,7.0,246.0,323.0,23.0,7.0,108.0,146.0,20.0,5.0,116.0,155.0,20.0,7.0,117.0,155.0,20.0,8.0,116.0,155.0,21.0,9.0,78.0,100.0,20,7.0,71.0,93.0,22.0,9.0,68.0,89.0,22.0,8.0,68.0,91.0,22.0,8.0,64.0,79.0,28.6149783,3.177460938,64.0,80.0,30.0,5.0,63.0,78.0,30.0,4.0,62.0,77.0,30.0,4.0,24.0,Singapore,206,2022-W49,False,0.432,0.312,0.256
Singapore,2022.0,50.0,12.0,248.0,326.0,24.0,7.0,250.0,329.0,23.0,6.0,248.0,324.0,23.0,7.0,247.0,323.0,23.0,7.0,112.0,149.0,22.0,8.0,115.0,155.0,21.0,8.0,116.0,155.0,21.0,8.0,116.0,154.0,21.0,9.0,76.0,102.0,23,7.0,74.0,98.0,22.0,6.0,70.0,91.0,22.0,8.0,69.0,91.0,22.0,8.0,60.0,75.0,30.60011574,4.779134259,61.0,76.0,30.0,4.0,63.0,78.0,30.0,4.0,62.0,77.0,30.0,4.0,23.0,Singapore,207,2022-W50,False,0.45161290322580644,0.3064516129032258,0.24193548387096775
Singapore,2022.0,51.0,12.0,227.0,302.0,24.0,5.0,241.0,320.0,23.0,6.0,245.0,321.0,23.0,7.0,244.0,321.0,23.0,7.0,108.0,140.0,21.0,6.0,111.0,149.0,21.0,7.0,115.0,153.0,21.0,7.0,115.0,153.0,21.0,8.0,60.0,87.0,22,6.0,70.0,95.0,22.0,7.0,68.0,91.0,22.0,8.0,68.0,91.0,22.0,8.0,59.0,75.0,30.30275895,3.590720339,61.0,76.0,31.0,4.0,62.0,77.0,30.0,4.0,62.0,77.0,30.0,4.0,25.0,Singapore,208,2022-W51,False,0.47577092511013214,0.2643171806167401,0.2599118942731278
Singapore,2022.0,52.0,12.0,326.0,396.0,46.0,10.0,263.0,337.0,29.0,7.0,256.0,331.0,26.0,7.0,251.0,326.0,25.0,7.0,161.0,192.0,67.0,10.0,122.0,157.0,32.0,7.0,120.0,156.0,26.0,8.0,118.0,155.0,25.0,8.0,86.0,107.0,24,14.0,75.0,99.0,22.0,9.0,71.0,94.0,22.0,9.0,69.0,91.0,22.0,9.0,79.0,97.0,25.85283052,4.962841069,66.0,82.0,29.0,4.0,65.0,80.0,30.0,5.0,63.0,79.0,30.0,4.0,24.0,Singapore,209,2022-W52,False,0.4938650306748466,0.26380368098159507,0.24233128834355827
