period_label,Year,Week,t,avgwaiting_time,baseline_waiting_time_ma12,deviation,flag_percentile_p90,flag_iqr,flag_ma_deviation,flag_robust_zscore_mad,n_methods_flagged,disruption_flag,detection_method
2019-W01,2019.0,1.0,0,17.0,,,False,False,False,False,0,False,robust_zscore_mad
2019-W02,2019.0,2.0,1,8.0,,,False,False,False,False,0,False,robust_zscore_mad
2019-W03,2019.0,3.0,2,12.0,,,False,False,False,False,0,False,robust_zscore_mad
2019-W04,2019.0,4.0,3,5.0,,,False,False,False,False,0,False,robust_zscore_mad
2019-W05,2019.0,5.0,4,14.0,,,False,False,False,False,0,False,robust_zscore_mad
2019-W06,2019.0,6.0,5,10.0,,,False,False,False,False,0,False,robust_zscore_mad
2019-W07,2019.0,7.0,6,21.0,,,True,False,False,False,1,False,robust_zscore_mad
2019-W08,2019.0,8.0,7,10.0,,,False,False,False,False,0,False,robust_zscore_mad
2019-W09,2019.0,9.0,8,9.0,,,False,False,False,False,0,False,robust_zscore_mad
2019-W10,2019.0,10.0,9,9.0,,,False,False,False,False,0,False,robust_zscore_mad
2019-W11,2019.0,11.0,10,6.0,,,False,False,False,False,0,False,robust_zscore_mad
2019-W12,2019.0,12.0,11,6.0,11.0,-5.0,False,False,False,False,0,False,robust_zscore_mad
2019-W13,2019.0,13.0,12,7.0,10.0,-3.0,False,False,False,False,0,False,robust_zscore_mad
2019-W14,2019.0,14.0,13,7.0,10.0,-3.0,False,False,False,False,0,False,robust_zscore_mad
2019-W15,2019.0,15.0,14,7.0,9.0,-2.0,False,False,False,False,0,False,robust_zscore_mad
2019-W16,2019.0,16.0,15,5.0,9.0,-4.0,False,False,False,False,0,False,robust_zscore_mad
2019-W17,2019.0,17.0,16,7.0,9.0,-2.0,False,False,False,False,0,False,robust_zscore_mad
2019-W18,2019.0,18.0,17,6.0,8.0,-2.0,False,False,False,False,0,False,robust_zscore_mad
2019-W19,2019.0,19.0,18,8.0,7.0,1.0,False,False,False,False,0,False,robust_zscore_mad
2019-W20,2019.0,20.0,19,5.0,7.0,-2.0,False,False,False,False,0,False,robust_zscore_mad
2019-W21,2019.0,21.0,20,9.0,7.0,2.0,False,False,False,False,0,False,robust_zscore_mad
2019-W22,2019.0,22.0,21,15.0,7.0,8.0,False,False,True,False,1,False,robust_zscore_mad
2019-W23,2019.0,23.0,22,9.0,8.0,1.0,False,False,False,False,0,False,robust_zscore_mad
2019-W24,2019.0,24.0,23,5.0,8.0,-3.0,False,False,False,False,0,False,robust_zscore_mad
2019-W25,2019.0,25.0,24,6.0,7.0,-1.0,False,False,False,False,0,False,robust_zscore_mad
2019-W26,2019.0,26.0,25,5.0,7.0,-2.0,False,False,False,False,0,False,robust_zscore_mad
2019-W27,2019.0,27.0,26,10.0,8.0,2.0,False,False,False,False,0,False,robust_zscore_mad
2019-W28,2019.0,28.0,27,6.0,8.0,-2.0,False,False,False,False,0,False,robust_zscore_mad
2019-W29,2019.0,29.0,28,7.0,8.0,-1.0,False,False,False,False,0,False,robust_zscore_mad
2019-W30,2019.0,30.0,29,6.0,8.0,-2.0,False,False,False,False,0,False,robust_zscore_mad
2019-W31,2019.0,31.0,30,6.0,7.0,-1.0,False,False,False,False,0,False,robust_zscore_mad
2019-W32,2019.0,32.0,31,5.0,7.0,-2.0,False,False,False,False,0,False,robust_zscore_mad
2019-W33,2019.0,33.0,32,5.0,7.0,-2.0,False,False,False,False,0,False,robust_zscore_mad
2019-W34,2019.0,34.0,33,6.0,6.0,0.0,False,False,False,False,0,False,robust_zscore_mad
2019-W35,2019.0,35.0,34,6.0,6.0,0.0,False,False,False,False,0,False,robust_zscore_mad
2019-W36,2019.0,36.0,35,6.0,6.0,0.0,False,False,False,False,0,False,robust_zscore_mad
2019-W37,2019.0,37.0,36,8.0,6.0,2.0,False,False,False,False,0,False,robust_zscore_mad
2019-W38,2019.0,38.0,37,8.0,7.0,1.0,False,False,False,False,0,False,robust_zscore_mad
2019-W39,2019.0,39.0,38,8.0,6.0,2.0,False,False,False,False,0,False,robust_zscore_mad
2019-W40,2019.0,40.0,39,8.0,7.0,1.0,False,False,False,False,0,False,robust_zscore_mad
2019-W41,2019.0,41.0,40,7.0,7.0,0.0,False,False,False,False,0,False,robust_zscore_mad
2019-W42,2019.0,42.0,41,7.0,7.0,0.0,False,False,False,False,0,False,robust_zscore_mad
2019-W43,2019.0,43.0,42,7.0,7.0,0.0,False,False,False,False,0,False,robust_zscore_mad
2019-W44,2019.0,44.0,43,7.0,7.0,0.0,False,False,False,False,0,False,robust_zscore_mad
2019-W45,2019.0,45.0,44,9.0,7.0,2.0,False,False,False,False,0,False,robust_zscore_mad
2019-W46,2019.0,46.0,45,8.0,7.0,1.0,False,False,False,False,0,False,robust_zscore_mad
2019-W47,2019.0,47.0,46,8.0,8.0,0.0,False,False,False,False,0,False,robust_zscore_mad
2019-W48,2019.0,48.0,47,8.0,8.0,0.0,False,False,False,False,0,False,robust_zscore_mad
2019-W49,2019.0,49.0,48,6.0,8.0,-2.0,False,False,False,False,0,False,robust_zscore_mad
2019-W50,2019.0,50.0,49,8.0,8.0,0.0,False,False,False,False,0,False,robust_zscore_mad
2019-W51,2019.0,51.0,50,5.0,7.0,-2.0,False,False,False,False,0,False,robust_zscore_mad
2019-W52,2019.0,52.0,51,6.0,7.0,-1.0,False,False,False,False,0,False,robust_zscore_mad
2020-W01,2020.0,1.0,52,18.0,8.0,10.0,False,False,True,False,1,False,robust_zscore_mad
2020-W02,2020.0,2.0,53,10.0,8.0,2.0,False,False,False,False,0,False,robust_zscore_mad
2020-W03,2020.0,3.0,54,11.0,9.0,2.0,False,False,False,False,0,False,robust_zscore_mad
2020-W04,2020.0,4.0,55,7.0,9.0,-2.0,False,False,False,False,0,False,robust_zscore_mad
2020-W05,2020.0,5.0,56,10.0,9.0,1.0,False,False,False,False,0,False,robust_zscore_mad
2020-W06,2020.0,6.0,57,13.0,9.0,4.0,False,False,False,False,0,False,robust_zscore_mad
2020-W07,2020.0,7.0,58,14.0,10.0,4.0,False,False,False,False,0,False,robust_zscore_mad
2020-W08,2020.0,8.0,59,14.0,10.0,4.0,False,False,False,False,0,False,robust_zscore_mad
2020-W09,2020.0,9.0,60,20.0,11.0,9.0,True,False,True,False,2,False,robust_zscore_mad
2020-W10,2020.0,10.0,61,12.0,12.0,0.0,False,False,False,False,0,False,robust_zscore_mad
2020-W11,2020.0,11.0,62,10.0,12.0,-2.0,False,False,False,False,0,False,robust_zscore_mad
2020-W12,2020.0,12.0,63,11.0,13.0,-2.0,False,False,False,False,0,False,robust_zscore_mad
2020-W13,2020.0,13.0,64,18.0,13.0,5.0,False,False,False,False,0,False,robust_zscore_mad
2020-W14,2020.0,14.0,65,16.0,13.0,3.0,False,False,False,False,0,False,robust_zscore_mad
2020-W15,2020.0,15.0,66,13.0,13.0,0.0,False,False,False,False,0,False,robust_zscore_mad
2020-W16,2020.0,16.0,67,16.0,14.0,2.0,False,False,False,False,0,False,robust_zscore_mad
2020-W17,2020.0,17.0,68,10.0,14.0,-4.0,False,False,False,False,0,False,robust_zscore_mad
2020-W18,2020.0,18.0,69,15.0,14.0,1.0,False,False,False,False,0,False,robust_zscore_mad
2020-W19,2020.0,19.0,70,17.0,14.0,3.0,False,False,False,False,0,False,robust_zscore_mad
2020-W20,2020.0,20.0,71,8.0,14.0,-6.0,False,False,False,False,0,False,robust_zscore_mad
2020-W21,2020.0,21.0,72,16.0,13.0,3.0,False,False,False,False,0,False,robust_zscore_mad
2020-W22,2020.0,22.0,73,10.0,13.0,-3.0,False,False,False,False,0,False,robust_zscore_mad
2020-W23,2020.0,23.0,74,11.0,13.0,-2.0,False,False,False,False,0,False,robust_zscore_mad
2020-W24,2020.0,24.0,75,6.0,13.0,-7.0,False,False,False,False,0,False,robust_zscore_mad
2020-W25,2020.0,25.0,76,5.0,12.0,-7.0,False,False,False,False,0,False,robust_zscore_mad
2020-W26,2020.0,26.0,77,7.0,11.0,-4.0,False,False,False,False,0,False,robust_zscore_mad
2020-W27,2020.0,27.0,78,7.0,11.0,-4.0,False,False,False,False,0,False,robust_zscore_mad
2020-W28,2020.0,28.0,79,6.0,10.0,-4.0,False,False,False,False,0,False,robust_zscore_mad
2020-W29,2020.0,29.0,80,5.0,9.0,-4.0,False,False,False,False,0,False,robust_zscore_mad
2020-W30,2020.0,30.0,81,10.0,9.0,1.0,False,False,False,False,0,False,robust_zscore_mad
2020-W31,2020.0,31.0,82,9.0,8.0,1.0,False,False,False,False,0,False,robust_zscore_mad
2020-W32,2020.0,32.0,83,7.0,8.0,-1.0,False,False,False,False,0,False,robust_zscore_mad
2020-W33,2020.0,33.0,84,8.0,8.0,0.0,False,False,False,False,0,False,robust_zscore_mad
2020-W34,2020.0,34.0,85,7.0,7.0,0.0,False,False,False,False,0,False,robust_zscore_mad
2020-W35,2020.0,35.0,86,8.0,7.0,1.0,False,False,False,False,0,False,robust_zscore_mad
2020-W36,2020.0,36.0,87,8.0,7.0,1.0,False,False,False,False,0,False,robust_zscore_mad
2020-W37,2020.0,37.0,88,15.0,8.0,7.0,False,False,False,False,0,False,robust_zscore_mad
2020-W38,2020.0,38.0,89,9.0,8.0,1.0,False,False,False,False,0,False,robust_zscore_mad
2020-W39,2020.0,39.0,90,9.0,8.0,1.0,False,False,False,False,0,False,robust_zscore_mad
2020-W40,2020.0,40.0,91,6.0,8.0,-2.0,False,False,False,False,0,False,robust_zscore_mad
2020-W41,2020.0,41.0,92,11.0,9.0,2.0,False,False,False,False,0,False,robust_zscore_mad
2020-W42,2020.0,42.0,93,16.0,9.0,7.0,False,False,False,False,0,False,robust_zscore_mad
2020-W43,2020.0,43.0,94,19.0,10.0,9.0,True,False,True,False,2,False,robust_zscore_mad
2020-W44,2020.0,44.0,95,17.0,11.0,6.0,False,False,False,False,0,False,robust_zscore_mad
2020-W45,2020.0,45.0,96,17.0,12.0,5.0,False,False,False,False,0,False,robust_zscore_mad
2020-W46,2020.0,46.0,97,22.0,13.0,9.0,True,False,True,False,2,False,robust_zscore_mad
2020-W47,2020.0,47.0,98,14.0,14.0,0.0,False,False,False,False,0,False,robust_zscore_mad
2020-W48,2020.0,48.0,99,13.0,14.0,-1.0,False,False,False,False,0,False,robust_zscore_mad
2020-W49,2020.0,49.0,100,7.0,13.0,-6.0,False,False,False,False,0,False,robust_zscore_mad
2020-W50,2020.0,50.0,101,7.0,13.0,-6.0,False,False,False,False,0,False,robust_zscore_mad
2020-W51,2020.0,51.0,102,6.0,13.0,-7.0,False,False,False,False,0,False,robust_zscore_mad
2020-W52,2020.0,52.0,103,9.0,13.0,-4.0,False,False,False,False,0,False,robust_zscore_mad
2020-W53,2020.0,53.0,104,4.0,13.0,-9.0,False,False,False,False,0,False,robust_zscore_mad
2021-W01,2021.0,1.0,105,9.0,12.0,-3.0,False,False,False,False,0,False,robust_zscore_mad
2021-W02,2021.0,2.0,106,13.0,11.0,2.0,False,False,False,False,0,False,robust_zscore_mad
2021-W03,2021.0,3.0,107,17.0,11.0,6.0,False,False,False,False,0,False,robust_zscore_mad
2021-W04,2021.0,4.0,108,15.0,11.0,4.0,False,False,False,False,0,False,robust_zscore_mad
2021-W05,2021.0,5.0,109,13.0,11.0,2.0,False,False,False,False,0,False,robust_zscore_mad
2021-W06,2021.0,6.0,110,12.0,10.0,2.0,False,False,False,False,0,False,robust_zscore_mad
2021-W07,2021.0,7.0,111,16.0,11.0,5.0,False,False,False,False,0,False,robust_zscore_mad
2021-W08,2021.0,8.0,112,21.0,12.0,9.0,True,False,True,False,2,False,robust_zscore_mad
2021-W09,2021.0,9.0,113,18.0,13.0,5.0,False,False,False,False,0,False,robust_zscore_mad
2021-W10,2021.0,10.0,114,15.0,14.0,1.0,False,False,False,False,0,False,robust_zscore_mad
2021-W11,2021.0,11.0,115,9.0,14.0,-5.0,False,False,False,False,0,False,robust_zscore_mad
2021-W12,2021.0,12.0,116,7.0,14.0,-7.0,False,False,False,False,0,False,robust_zscore_mad
2021-W13,2021.0,13.0,117,8.0,14.0,-6.0,False,False,False,False,0,False,robust_zscore_mad
2021-W14,2021.0,14.0,118,11.0,14.0,-3.0,False,False,False,False,0,False,robust_zscore_mad
2021-W15,2021.0,15.0,119,12.0,13.0,-1.0,False,False,False,False,0,False,robust_zscore_mad
2021-W16,2021.0,16.0,120,16.0,13.0,3.0,False,False,False,False,0,False,robust_zscore_mad
2021-W17,2021.0,17.0,121,15.0,13.0,2.0,False,False,False,False,0,False,robust_zscore_mad
2021-W18,2021.0,18.0,122,26.0,14.0,12.0,True,True,True,True,4,True,robust_zscore_mad
2021-W19,2021.0,19.0,123,31.0,16.0,15.0,True,True,True,True,4,True,robust_zscore_mad
2021-W20,2021.0,20.0,124,16.0,15.0,1.0,False,False,False,False,0,False,robust_zscore_mad
2021-W21,2021.0,21.0,125,8.0,15.0,-7.0,False,False,False,False,0,False,robust_zscore_mad
2021-W22,2021.0,22.0,126,7.0,14.0,-7.0,False,False,False,False,0,False,robust_zscore_mad
2021-W23,2021.0,23.0,127,10.0,14.0,-4.0,False,False,False,False,0,False,robust_zscore_mad
2021-W24,2021.0,24.0,128,15.0,15.0,0.0,False,False,False,False,0,False,robust_zscore_mad
2021-W25,2021.0,25.0,129,16.0,15.0,1.0,False,False,False,False,0,False,robust_zscore_mad
2021-W26,2021.0,26.0,130,26.0,17.0,9.0,True,True,True,True,4,True,robust_zscore_mad
2021-W27,2021.0,27.0,131,26.0,18.0,8.0,True,True,True,True,4,True,robust_zscore_mad
2021-W28,2021.0,28.0,132,30.0,19.0,11.0,True,True,True,True,4,True,robust_zscore_mad
2021-W29,2021.0,29.0,133,32.0,20.0,12.0,True,True,True,True,4,True,robust_zscore_mad
2021-W30,2021.0,30.0,134,25.0,20.0,5.0,True,True,False,True,3,True,robust_zscore_mad
2021-W31,2021.0,31.0,135,12.0,19.0,-7.0,False,False,False,False,0,False,robust_zscore_mad
2021-W32,2021.0,32.0,136,9.0,18.0,-9.0,False,False,False,False,0,False,robust_zscore_mad
2021-W33,2021.0,33.0,137,12.0,18.0,-6.0,False,False,False,False,0,False,robust_zscore_mad
2021-W34,2021.0,34.0,138,7.0,18.0,-11.0,False,False,False,False,0,False,robust_zscore_mad
2021-W35,2021.0,35.0,139,9.0,18.0,-9.0,False,False,False,False,0,False,robust_zscore_mad
2021-W36,2021.0,36.0,140,12.0,18.0,-6.0,False,False,False,False,0,False,robust_zscore_mad
2021-W37,2021.0,37.0,141,12.0,18.0,-6.0,False,False,False,False,0,False,robust_zscore_mad
2021-W38,2021.0,38.0,142,12.0,16.0,-4.0,False,False,False,False,0,False,robust_zscore_mad
2021-W39,2021.0,39.0,143,12.0,15.0,-3.0,False,False,False,False,0,False,robust_zscore_mad
2021-W40,2021.0,40.0,144,20.0,14.0,6.0,True,False,False,False,1,False,robust_zscore_mad
2021-W41,2021.0,41.0,145,20.0,13.0,7.0,True,False,False,False,1,False,robust_zscore_mad
2021-W42,2021.0,42.0,146,27.0,14.0,13.0,True,True,True,True,4,True,robust_zscore_mad
2021-W43,2021.0,43.0,147,36.0,16.0,20.0,True,True,True,True,4,True,robust_zscore_mad
2021-W44,2021.0,44.0,148,30.0,17.0,13.0,True,True,True,True,4,True,robust_zscore_mad
2021-W45,2021.0,45.0,149,23.0,18.0,5.0,True,True,False,False,2,False,robust_zscore_mad
2021-W46,2021.0,46.0,150,11.0,19.0,-8.0,False,False,False,False,0,False,robust_zscore_mad
2021-W47,2021.0,47.0,151,7.0,19.0,-12.0,False,False,False,False,0,False,robust_zscore_mad
2021-W48,2021.0,48.0,152,11.0,18.0,-7.0,False,False,False,False,0,False,robust_zscore_mad
2021-W49,2021.0,49.0,153,6.0,18.0,-12.0,False,False,False,False,0,False,robust_zscore_mad
2021-W50,2021.0,50.0,154,7.0,18.0,-11.0,False,False,False,False,0,False,robust_zscore_mad
2021-W51,2021.0,51.0,155,7.0,17.0,-10.0,False,False,False,False,0,False,robust_zscore_mad
2021-W52,2021.0,52.0,156,7.0,16.0,-9.0,False,False,False,False,0,False,robust_zscore_mad
2021-W53,2021.0,53.0,157,9.0,15.0,-6.0,False,False,False,False,0,False,robust_zscore_mad
2022-W01,2022.0,1.0,158,13.0,14.0,-1.0,False,False,False,False,0,False,robust_zscore_mad
2022-W02,2022.0,2.0,159,8.0,12.0,-4.0,False,False,False,False,0,False,robust_zscore_mad
2022-W03,2022.0,3.0,160,15.0,10.0,5.0,False,False,False,False,0,False,robust_zscore_mad
2022-W04,2022.0,4.0,161,10.0,9.0,1.0,False,False,False,False,0,False,robust_zscore_mad
2022-W05,2022.0,5.0,162,9.0,9.0,0.0,False,False,False,False,0,False,robust_zscore_mad
2022-W06,2022.0,6.0,163,12.0,9.0,3.0,False,False,False,False,0,False,robust_zscore_mad
2022-W07,2022.0,7.0,164,19.0,10.0,9.0,True,False,True,False,2,False,robust_zscore_mad
2022-W08,2022.0,8.0,165,19.0,11.0,8.0,True,False,True,False,2,False,robust_zscore_mad
2022-W09,2022.0,9.0,166,15.0,12.0,3.0,False,False,False,False,0,False,robust_zscore_mad
2022-W10,2022.0,10.0,167,6.0,12.0,-6.0,False,False,False,False,0,False,robust_zscore_mad
2022-W11,2022.0,11.0,168,6.0,12.0,-6.0,False,False,False,False,0,False,robust_zscore_mad
2022-W12,2022.0,12.0,169,5.0,11.0,-6.0,False,False,False,False,0,False,robust_zscore_mad
2022-W13,2022.0,13.0,170,7.0,11.0,-4.0,False,False,False,False,0,False,robust_zscore_mad
2022-W14,2022.0,14.0,171,5.0,11.0,-6.0,False,False,False,False,0,False,robust_zscore_mad
2022-W15,2022.0,15.0,172,9.0,10.0,-1.0,False,False,False,False,0,False,robust_zscore_mad
2022-W16,2022.0,16.0,173,6.0,10.0,-4.0,False,False,False,False,0,False,robust_zscore_mad
2022-W17,2022.0,17.0,174,5.0,9.0,-4.0,False,False,False,False,0,False,robust_zscore_mad
2022-W18,2022.0,18.0,175,9.0,9.0,0.0,False,False,False,False,0,False,robust_zscore_mad
2022-W19,2022.0,19.0,176,8.0,8.0,0.0,False,False,False,False,0,False,robust_zscore_mad
2022-W20,2022.0,20.0,177,6.0,7.0,-1.0,False,False,False,False,0,False,robust_zscore_mad
2022-W21,2022.0,21.0,178,5.0,6.0,-1.0,False,False,False,False,0,False,robust_zscore_mad
2022-W22,2022.0,22.0,179,5.0,6.0,-1.0,False,False,False,False,0,False,robust_zscore_mad
2022-W23,2022.0,23.0,180,6.0,6.0,0.0,False,False,False,False,0,False,robust_zscore_mad
2022-W24,2022.0,24.0,181,10.0,7.0,3.0,False,False,False,False,0,False,robust_zscore_mad
2022-W25,2022.0,25.0,182,13.0,7.0,6.0,False,False,False,False,0,False,robust_zscore_mad
2022-W26,2022.0,26.0,183,10.0,8.0,2.0,False,False,False,False,0,False,robust_zscore_mad
2022-W27,2022.0,27.0,184,8.0,8.0,0.0,False,False,False,False,0,False,robust_zscore_mad
2022-W28,2022.0,28.0,185,10.0,8.0,2.0,False,False,False,False,0,False,robust_zscore_mad
2022-W29,2022.0,29.0,186,10.0,8.0,2.0,False,False,False,False,0,False,robust_zscore_mad
2022-W30,2022.0,30.0,187,9.0,8.0,1.0,False,False,False,False,0,False,robust_zscore_mad
2022-W31,2022.0,31.0,188,8.0,8.0,0.0,False,False,False,False,0,False,robust_zscore_mad
2022-W32,2022.0,32.0,189,10.0,9.0,1.0,False,False,False,False,0,False,robust_zscore_mad
2022-W33,2022.0,33.0,190,8.0,9.0,-1.0,False,False,False,False,0,False,robust_zscore_mad
2022-W34,2022.0,34.0,191,7.0,9.0,-2.0,False,False,False,False,0,False,robust_zscore_mad
2022-W35,2022.0,35.0,192,6.0,9.0,-3.0,False,False,False,False,0,False,robust_zscore_mad
2022-W36,2022.0,36.0,193,6.0,9.0,-3.0,False,False,False,False,0,False,robust_zscore_mad
2022-W37,2022.0,37.0,194,6.0,8.0,-2.0,False,False,False,False,0,False,robust_zscore_mad
2022-W38,2022.0,38.0,195,9.0,8.0,1.0,False,False,False,False,0,False,robust_zscore_mad
2022-W39,2022.0,39.0,196,7.0,8.0,-1.0,False,False,False,False,0,False,robust_zscore_mad
2022-W40,2022.0,40.0,197,6.0,8.0,-2.0,False,False,False,False,0,False,robust_zscore_mad
2022-W41,2022.0,41.0,198,10.0,8.0,2.0,False,False,False,False,0,False,robust_zscore_mad
2022-W42,2022.0,42.0,199,8.0,7.0,1.0,False,False,False,False,0,False,robust_zscore_mad
2022-W43,2022.0,43.0,200,9.0,7.0,2.0,False,False,False,False,0,False,robust_zscore_mad
2022-W44,2022.0,44.0,201,5.0,7.0,-2.0,False,False,False,False,0,False,robust_zscore_mad
2022-W45,2022.0,45.0,202,7.0,7.0,0.0,False,False,False,False,0,False,robust_zscore_mad
2022-W46,2022.0,46.0,203,11.0,7.0,4.0,False,False,False,False,0,False,robust_zscore_mad
2022-W47,2022.0,47.0,204,6.0,7.0,-1.0,False,False,False,False,0,False,robust_zscore_mad
2022-W48,2022.0,48.0,205,8.0,7.0,1.0,False,False,False,False,0,False,robust_zscore_mad
2022-W49,2022.0,49.0,206,5.0,7.0,-2.0,False,False,False,False,0,False,robust_zscore_mad
2022-W50,2022.0,50.0,207,7.0,7.0,0.0,False,False,False,False,0,False,robust_zscore_mad
2022-W51,2022.0,51.0,208,5.0,7.0,-2.0,False,False,False,False,0,False,robust_zscore_mad
2022-W52,2022.0,52.0,209,10.0,7.0,3.0,False,False,False,False,0,False,robust_zscore_mad
